bioguide_id,full_name,first_name,last_name,chamber,state,district,party,govtrack_id,opensecrets_id,fec_ids,twitter,official_website,photo_url,aipac_supported,dmfi_supported
T000278,"Tuberville, Tommy",,,SENATE,Alabama,,Republican,,,,,,https://www.congress.gov/img/member/t000278_200.jpg,0,0
B001319,"Britt, Katie Boyd",,,SENATE,Alabama,,Republican,,,,,,https://www.congress.gov/img/member/b001319_200.jpg,0,0
F000481,"Figures, Shomari",,,HOUSE,Alabama,,Democratic,,,,,,https://www.congress.gov/img/member/68013eaa4e51529406f18e42_200.jpg,0,0
M001212,"Moore, Barry",,,HOUSE,Alabama,,Republican,,,,,,https://www.congress.gov/img/member/m001212_200.jpg,0,0
S001220,"Strong, Dale W.",,,HOUSE,Alabama,,Republican,,,,,,https://www.congress.gov/img/member/s001220_200.jpg,0,0
P000609,"Palmer, Gary J.",,,HOUSE,Alabama,,Republican,,,,,,https://www.congress.gov/img/member/p000609_200.jpg,0,0
S001185,"Sewell, Terri A.",,,HOUSE,Alabama,,Democratic,,,,,,https://www.congress.gov/img/member/s001185_200.jpg,0,0
A000055,"Aderholt, Robert B.",,,HOUSE,Alabama,,Republican,,,,,,https://www.congress.gov/img/member/a000055_200.jpg,0,0
R000575,"Rogers, Mike D.",,,HOUSE,Alabama,,Republican,,,,,,https://www.congress.gov/img/member/116_rp_al_3_rogers_mike_200.jpg,0,0
S001198,"Sullivan, Dan",,,SENATE,Alaska,,Republican,,,,,,https://www.congress.gov/img/member/s001198_200.jpg,0,0
M001153,"Murkowski, Lisa",,,SENATE,Alaska,,Republican,,,,,,https://www.congress.gov/img/member/m001153_200.jpg,0,0
B001323,"Begich, Nicholas J.",,,HOUSE,Alaska,,Republican,,,,,,https://www.congress.gov/img/member/6774217e0b34857ecc909040_200.jpg,0,0
R000600,"Radewagen, Aumua Amata Coleman",,,HOUSE,American Samoa,,Republican,,,,,,https://www.congress.gov/img/member/r000600_200.jpg,0,0
G000606,"Grijalva, Adelita S.",,,HOUSE,Arizona,,Democratic,,,,,,https://www.congress.gov/img/member/6915fa2585b49de40f52cacb_200.jpg,0,0
K000377,"Kelly, Mark",,,SENATE,Arizona,,Democratic,,,,,,https://www.congress.gov/img/member/k000377_200.jpg,0,0
G000574,"Gallego, Ruben",,,SENATE,Arizona,,Democratic,,,,,,https://www.congress.gov/img/member/c6870f487cf4bc9a568d8afbe61d754b_200.jpg,0,0
C001132,"Crane, Elijah",,,HOUSE,Arizona,,Republican,,,,,,https://www.congress.gov/img/member/c001132_200.jpg,0,0
C001133,"Ciscomani, Juan",,,HOUSE,Arizona,,Republican,,,,,,https://www.congress.gov/img/member/c001133_200.jpg,0,0
S001211,"Stanton, Greg",,,HOUSE,Arizona,,Democratic,,,,,,https://www.congress.gov/img/member/s001211_200.jpg,0,0
S001183,"Schweikert, David",,,HOUSE,Arizona,,Republican,,,,,,https://www.congress.gov/img/member/s001183_200.jpg,0,0
G000565,"Gosar, Paul A.",,,HOUSE,Arizona,,Republican,,,,,,https://www.congress.gov/img/member/g000565_200.jpg,0,0
B001302,"Biggs, Andy",,,HOUSE,Arizona,,Republican,,,,,,https://www.congress.gov/img/member/b001302_200.jpg,0,0
H001098,"Hamadeh, Abraham J.",,,HOUSE,Arizona,,Republican,,,,,,https://www.congress.gov/img/member/67742a6f0b34857ecc9090c5_200.jpg,0,0
A000381,"Ansari, Yassamin",,,HOUSE,Arizona,,Democratic,,,,,,https://www.congress.gov/img/member/67741fc30b34857ecc90902e_200.jpg,0,0
C001087,"Crawford, Eric A. ""Rick""",,,HOUSE,Arkansas,,Republican,,,,,,https://www.congress.gov/img/member/6916065185b49de40f52cad4_200.jpg,0,0
C001095,"Cotton, Tom",,,SENATE,Arkansas,,Republican,,,,,,https://www.congress.gov/img/member/c001095_200.jpg,0,0
B001236,"Boozman, John",,,SENATE,Arkansas,,Republican,,,,,,https://www.congress.gov/img/member/b001236_200.jpg,0,0
W000821,"Westerman, Bruce",,,HOUSE,Arkansas,,Republican,,,,,,https://www.congress.gov/img/member/w000821_200.jpg,0,0
H001072,"Hill, J. French",,,HOUSE,Arkansas,,Republican,,,,,,https://www.congress.gov/img/member/h001072_200.jpg,0,0
W000809,"Womack, Steve",,,HOUSE,Arkansas,,Republican,,,,,,https://www.congress.gov/img/member/117_rp_ar_3_womack_steve_200.jpg,0,0
S001150,"Schiff, Adam B.",,,SENATE,California,,Democratic,,,,,,https://www.congress.gov/img/member/677d870dfdb6cf36bbb649b3_200.jpg,0,0
P000145,"Padilla, Alex",,,SENATE,California,,Democratic,,,,,,https://www.congress.gov/img/member/p000145_200.jpg,0,0
W000830,"Whitesides, George",,,HOUSE,California,,Democratic,,,,,,https://www.congress.gov/img/member/68dc43db199559bad714973d_200.jpg,0,0
F000483,"Friedman, Laura",,,HOUSE,California,,Democratic,,,,,,https://www.congress.gov/img/member/677427070b34857ecc9090a1_200.jpg,0,0
F000480,"Fong, Vince",,,HOUSE,California,,Republican,,,,,,https://www.congress.gov/img/member/669ff04f5d19788d1f2034aa_200.jpg,0,0
C001123,"Cisneros, Gilbert Ray",,,HOUSE,California,,Democratic,,,,,,https://www.congress.gov/img/member/6807d8d63e52ea7df920ef05_200.jpg,0,0
M001225,"Mullin, Kevin",,,HOUSE,California,,Democratic,,,,,,https://www.congress.gov/img/member/m001225_200.jpg,0,0
K000401,"Kiley, Kevin",,,HOUSE,California,,Republican,,,,,,https://www.congress.gov/img/member/k000401_200.jpg,0,0
K000400,"Kamlager-Dove, Sydney",,,HOUSE,California,,Democratic,,,,,,https://www.congress.gov/img/member/k000400_200.jpg,0,0
G000598,"Garcia, Robert",,,HOUSE,California,,Democratic,,,,,,https://www.congress.gov/img/member/g000598_200.jpg,0,0
O000019,"Obernolte, Jay",,,HOUSE,California,,Republican,,,,,,https://www.congress.gov/img/member/o000019_200.jpg,0,0
K000397,"Kim, Young",,,HOUSE,California,,Republican,,,,,,https://www.congress.gov/img/member/k000397_200.jpg,0,0
J000305,"Jacobs, Sara",,,HOUSE,California,,Democratic,,,,,,https://www.congress.gov/img/member/j000305_200.jpg,0,0
H001090,"Harder, Josh",,,HOUSE,California,,Democratic,,,,,,https://www.congress.gov/img/member/h001090_200.jpg,0,0
P000613,"Panetta, Jimmy",,,HOUSE,California,,Democratic,,,,,,https://www.congress.gov/img/member/116_rp_ca_20_panetta_jimmy_200.jpg,0,0
L000582,"Lieu, Ted",,,HOUSE,California,,Democratic,,,,,,https://www.congress.gov/img/member/l000582_200.jpg,0,0
A000371,"Aguilar, Pete",,,HOUSE,California,,Democratic,,,,,,https://www.congress.gov/img/member/a000371_200.jpg,0,0
D000623,"DeSaulnier, Mark",,,HOUSE,California,,Democratic,,,,,,https://www.congress.gov/img/member/115_rp_ca_11_desaulnier_mark_200.jpg,0,0
P000608,"Peters, Scott H.",,,HOUSE,California,,Democratic,,,,,,https://www.congress.gov/img/member/p000608_200.jpg,0,0
V000130,"Vargas, Juan",,,HOUSE,California,,Democratic,,,,,,https://www.congress.gov/img/member/v000130_200.jpg,0,0
T000472,"Takano, Mark",,,HOUSE,California,,Democratic,,,,,,https://www.congress.gov/img/member/t000472_200.jpg,0,0
R000599,"Ruiz, Raul",,,HOUSE,California,,Democratic,,,,,,https://www.congress.gov/img/member/66e1aec832c796cea99fe06f_200.jpg,0,0
V000129,"Valadao, David G.",,,HOUSE,California,,Republican,,,,,,https://www.congress.gov/img/member/v000129_200.jpg,0,0
S001193,"Swalwell, Eric",,,HOUSE,California,,Democratic,,,,,,https://www.congress.gov/img/member/s001193_200.jpg,0,0
B001287,"Bera, Ami",,,HOUSE,California,,Democratic,,,,,,https://www.congress.gov/img/member/b001287_200.jpg,0,0
G000559,"Garamendi, John",,,HOUSE,California,,Democratic,,,,,,https://www.congress.gov/img/member/g000559_200.jpg,0,0
C001080,"Chu, Judy",,,HOUSE,California,,Democratic,,,,,,https://www.congress.gov/img/member/c001080_200.jpg,0,0
M001177,"McClintock, Tom",,,HOUSE,California,,Republican,,,,,,https://www.congress.gov/img/member/m001177_200.jpg,0,0
M001163,"Matsui, Doris O.",,,HOUSE,California,,Democratic,,,,,,https://www.congress.gov/img/member/m001163_200.jpg,0,0
P000197,"Pelosi, Nancy",,,HOUSE,California,,Democratic,,,,,,https://www.congress.gov/img/member/p000197_200.jpg,0,0
T000460,"Thompson, Mike",,,HOUSE,California,,Democratic,,,,,,https://www.congress.gov/img/member/116_rp_ca_5_thompson_mike_200.jpg,0,0
S000344,"Sherman, Brad",,,HOUSE,California,,Democratic,,,,,,https://www.congress.gov/img/member/s000344_200.jpg,0,0
C001059,"Costa, Jim",,,HOUSE,California,,Democratic,,,,,,https://www.congress.gov/img/member/116_rp_ca_16_costa_jim_200.jpg,0,0
I000056,"Issa, Darrell",,,HOUSE,California,,Republican,,,,,,https://www.congress.gov/img/member/i000056_200.jpg,0,0
C000059,"Calvert, Ken",,,HOUSE,California,,Republican,,,,,,https://www.congress.gov/img/member/c000059_200.jpg,0,0
L000397,"Lofgren, Zoe",,,HOUSE,California,,Democratic,,,,,,https://www.congress.gov/img/member/671024d7ec807bca66057fcb_200.jpg,0,0
L000593,"Levin, Mike",,,HOUSE,California,,Democratic,,,,,,https://www.congress.gov/img/member/l000593_200.jpg,0,0
G000585,"Gomez, Jimmy",,,HOUSE,California,,Democratic,,,,,,https://www.congress.gov/img/member/115_rp_ca_34_gomez_jimmy_200.jpg,0,0
C001110,"Correa, J. Luis",,,HOUSE,California,,Democratic,,,,,,https://www.congress.gov/img/member/115_rp_ca_46_correa_j_200.jpg,0,0
B001300,"Barragán, Nanette Diaz",,,HOUSE,California,,Democratic,,,,,,https://www.congress.gov/img/member/b001300_200.jpg,0,0
C001112,"Carbajal, Salud O.",,,HOUSE,California,,Democratic,,,,,,https://www.congress.gov/img/member/115_rp_ca_24_carbajal_salud_200.jpg,0,0
M001241,"Min, Dave",,,HOUSE,California,,Democratic,,,,,,https://www.congress.gov/img/member/67744ed90b34857ecc909155_200.jpg,0,0
K000389,"Khanna, Ro",,,HOUSE,California,,Democratic,,,,,,https://www.congress.gov/img/member/k000389_200.jpg,0,0
T000474,"Torres, Norma J.",,,HOUSE,California,,Democratic,,,,,,https://www.congress.gov/img/member/t000474_200.jpg,0,0
T000491,"Tran, Derek",,,HOUSE,California,,Democratic,,,,,,https://www.congress.gov/img/member/6774606d0b34857ecc9091a9_200.jpg,0,0
B001285,"Brownley, Julia",,,HOUSE,California,,Democratic,,,,,,https://www.congress.gov/img/member/68000188f22eaf56065817e8_200.jpg,0,0
H001068,"Huffman, Jared",,,HOUSE,California,,Democratic,,,,,,https://www.congress.gov/img/member/h001068_200.jpg,0,0
L000578,"LaMalfa, Doug",,,HOUSE,California,,Republican,,,,,,https://www.congress.gov/img/member/l000578_200.jpg,0,0
W000187,"Waters, Maxine",,,HOUSE,California,,Democratic,,,,,,https://www.congress.gov/img/member/w000187_200.jpg,0,0
S001156,"Sánchez, Linda T.",,,HOUSE,California,,Democratic,,,,,,https://www.congress.gov/img/member/116_rp_ca_38_snchez_linda_200.jpg,0,0
S001231,"Simon, Lateefah",,,HOUSE,California,,Democratic,,,,,,https://www.congress.gov/img/member/67745f940b34857ecc909197_200.jpg,0,0
R000620,"Rivas, Luz M.",,,HOUSE,California,,Democratic,,,,,,https://www.congress.gov/img/member/67745d860b34857ecc90916d_200.jpg,0,0
L000607,"Liccardo, Sam T.",,,HOUSE,California,,Democratic,,,,,,https://www.congress.gov/img/member/6774305d0b34857ecc90910d_200.jpg,0,0
G000605,"Gray, Adam",,,HOUSE,California,,Democratic,,,,,,https://www.congress.gov/img/member/67742a160b34857ecc9090bf_200.jpg,0,0
H000273,"Hickenlooper, John W.",,,SENATE,Colorado,,Democratic,,,,,,https://www.congress.gov/img/member/h000273_200.jpg,0,0
B001267,"Bennet, Michael F.",,,SENATE,Colorado,,Democratic,,,,,,https://www.congress.gov/img/member/b001267_200.jpg,0,0
E000300,"Evans, Gabe",,,HOUSE,Colorado,,Republican,,,,,,https://www.congress.gov/img/member/677425730b34857ecc909083_200.jpg,0,0
C001137,"Crank, Jeff",,,HOUSE,Colorado,,Republican,,,,,,https://www.congress.gov/img/member/677424810b34857ecc909071_200.jpg,0,0
B000825,"Boebert, Lauren",,,HOUSE,Colorado,,Republican,,,,,,https://www.congress.gov/img/member/b000825_200.jpg,0,0
P000620,"Pettersen, Brittany",,,HOUSE,Colorado,,Democratic,,,,,,https://www.congress.gov/img/member/p000620_200.jpg,0,0
C001121,"Crow, Jason",,,HOUSE,Colorado,,Democratic,,,,,,https://www.congress.gov/img/member/c001121_200.jpg,0,0
N000191,"Neguse, Joe",,,HOUSE,Colorado,,Democratic,,,,,,https://www.congress.gov/img/member/n000191_200.jpg,0,0
H001100,"Hurd, Jeff",,,HOUSE,Colorado,,Republican,,,,,,https://www.congress.gov/img/member/67742c5e0b34857ecc9090d1_200.jpg,0,0
D000197,"DeGette, Diana",,,HOUSE,Colorado,,Democratic,,,,,,https://www.congress.gov/img/member/116_rp_co_1_degette_diana_200.jpg,0,0
M001169,"Murphy, Christopher",,,SENATE,Connecticut,,Democratic,,,,,,https://www.congress.gov/img/member/m001169_200.jpg,0,0
B001277,"Blumenthal, Richard",,,SENATE,Connecticut,,Democratic,,,,,,https://www.congress.gov/img/member/b001277_200.jpg,0,0
H001081,"Hayes, Jahana",,,HOUSE,Connecticut,,Democratic,,,,,,https://www.congress.gov/img/member/h001081_200.jpg,0,0
H001047,"Himes, James A.",,,HOUSE,Connecticut,,Democratic,,,,,,https://www.congress.gov/img/member/h001047_200.jpg,0,0
C001069,"Courtney, Joe",,,HOUSE,Connecticut,,Democratic,,,,,,https://www.congress.gov/img/member/c001069_200.jpg,0,0
L000557,"Larson, John B.",,,HOUSE,Connecticut,,Democratic,,,,,,https://www.congress.gov/img/member/l000557_200.jpg,0,0
D000216,"DeLauro, Rosa L.",,,HOUSE,Connecticut,,Democratic,,,,,,https://www.congress.gov/img/member/116_rp_ct_3_delauro_rosa_200.jpg,0,0
C001088,"Coons, Christopher A.",,,SENATE,Delaware,,Democratic,,,,,,https://www.congress.gov/img/member/c001088_200.jpg,0,0
B001303,"Blunt Rochester, Lisa",,,SENATE,Delaware,,Democratic,,,,,,https://www.congress.gov/img/member/b001303_200.jpg,0,0
M001238,"McBride, Sarah",,,HOUSE,Delaware,,Democratic,,,,,,https://www.congress.gov/img/member/67744b460b34857ecc909143_200.jpg,0,0
N000147,"Norton, Eleanor Holmes",,,HOUSE,District of Columbia,,Democratic,,,,,,https://www.congress.gov/img/member/116_dg_dc_norton_eleanor_200.jpg,0,0
S001217,"Scott, Rick",,,SENATE,Florida,,Republican,,,,,,https://www.congress.gov/img/member/s001217_200.jpg,0,0
M001244,"Moody, Ashley",,,SENATE,Florida,,Republican,,,,,,,0,0
F000484,"Fine, Randy",,,HOUSE,Florida,,Republican,,,,,,https://www.congress.gov/img/member/67efda8c1b05a5a598f7fde0_200.jpg,0,0
P000622,"Patronis, Jimmy",,,HOUSE,Florida,,Republican,,,,,,https://www.congress.gov/img/member/67efdb991b05a5a598f7fde9_200.jpg,0,0
H001099,"Haridopolos, Mike",,,HOUSE,Florida,,Republican,,,,,,https://www.congress.gov/img/member/67742ab50b34857ecc9090cb_200.jpg,0,0
F000472,"Franklin, Scott",,,HOUSE,Florida,,Republican,,,,,,https://www.congress.gov/img/member/f000472_200.jpg,0,0
M001217,"Moskowitz, Jared",,,HOUSE,Florida,,Democratic,,,,,,https://www.congress.gov/img/member/m001217_200.jpg,0,0
M001216,"Mills, Cory",,,HOUSE,Florida,,Republican,,,,,,https://www.congress.gov/img/member/m001216_200.jpg,0,0
L000596,"Luna, Anna Paulina",,,HOUSE,Florida,,Republican,,,,,,https://www.congress.gov/img/member/l000596_200.jpg,0,0
L000597,"Lee, Laurel M.",,,HOUSE,Florida,,Republican,,,,,,https://www.congress.gov/img/member/l000597_200.jpg,0,0
F000476,"Frost, Maxwell",,,HOUSE,Florida,,Democratic,,,,,,https://www.congress.gov/img/member/f000476_200.jpg,0,0
G000593,"Gimenez, Carlos A.",,,HOUSE,Florida,,Republican,,,,,,https://www.congress.gov/img/member/g000593_200.jpg,0,0
M001199,"Mast, Brian J.",,,HOUSE,Florida,,Republican,,,,,,https://www.congress.gov/img/member/116_rp_fl_18_mast_brian_200.jpg,0,0
R000609,"Rutherford, John H.",,,HOUSE,Florida,,Republican,,,,,,https://www.congress.gov/img/member/r000609_200.jpg,0,0
F000462,"Frankel, Lois",,,HOUSE,Florida,,Democratic,,,,,,https://www.congress.gov/img/member/f000462_200.jpg,0,0
W000797,"Wasserman Schultz, Debbie",,,HOUSE,Florida,,Democratic,,,,,,https://www.congress.gov/img/member/116_rp_fl_23_wassermanschultz_debbie_200.jpg,0,0
D000600,"Diaz-Balart, Mario",,,HOUSE,Florida,,Republican,,,,,,https://www.congress.gov/img/member/116_rp_fl_25_diazbalart_mario_200.jpg,0,0
B001314,"Bean, Aaron",,,HOUSE,Florida,,Republican,,,,,,https://www.congress.gov/img/member/b001314_200.jpg,0,0
C001127,"Cherfilus-McCormick, Sheila",,,HOUSE,Florida,,Democratic,,,,,,https://www.congress.gov/img/member/c001127_200.jpg,0,0
S000168,"Salazar, Maria Elvira",,,HOUSE,Florida,,Republican,,,,,,https://www.congress.gov/img/member/s000168_200.jpg,0,0
D000032,"Donalds, Byron",,,HOUSE,Florida,,Republican,,,,,,https://www.congress.gov/img/member/d000032_200.jpg,0,0
C001039,"Cammack, Kat",,,HOUSE,Florida,,Republican,,,,,,https://www.congress.gov/img/member/c001039_200.jpg,0,0
S001214,"Steube, W. Gregory",,,HOUSE,Florida,,Republican,,,,,,https://www.congress.gov/img/member/s001214_200.jpg,0,0
S001200,"Soto, Darren",,,HOUSE,Florida,,Democratic,,,,,,https://www.congress.gov/img/member/115_rp_fl_9_soto_darren_200.jpg,0,0
D000628,"Dunn, Neal P.",,,HOUSE,Florida,,Republican,,,,,,https://www.congress.gov/img/member/115_rp_fl_2_dunn_neal_200.jpg,0,0
W000806,"Webster, Daniel",,,HOUSE,Florida,,Republican,,,,,,https://www.congress.gov/img/member/w000806_200.jpg,0,0
W000808,"Wilson, Frederica S.",,,HOUSE,Florida,,Democratic,,,,,,https://www.congress.gov/img/member/w000808_200.jpg,0,0
B001260,"Buchanan, Vern",,,HOUSE,Florida,,Republican,,,,,,https://www.congress.gov/img/member/b001260_200.jpg,0,0
C001066,"Castor, Kathy",,,HOUSE,Florida,,Democratic,,,,,,https://www.congress.gov/img/member/c001066_200.jpg,0,0
B001257,"Bilirakis, Gus M.",,,HOUSE,Florida,,Republican,,,,,,https://www.congress.gov/img/member/117_rp_fl_12_bilirakis_gus_200.jpg,0,0
W000790,"Warnock, Raphael G.",,,SENATE,Georgia,,Democratic,,,,,,https://www.congress.gov/img/member/w000790_200.jpg,0,0
O000174,"Ossoff, Jon",,,SENATE,Georgia,,Democratic,,,,,,https://www.congress.gov/img/member/o000174_200.jpg,0,0
M001218,"McCormick, Richard",,,HOUSE,Georgia,,Republican,,,,,,https://www.congress.gov/img/member/m001218_200.jpg,0,0
J000311,"Jack, Brian",,,HOUSE,Georgia,,Republican,,,,,,https://www.congress.gov/img/member/67742e330b34857ecc9090ef_200.jpg,0,0
G000596,"Greene, Marjorie Taylor",,,HOUSE,Georgia,,Republican,,,,,,https://www.congress.gov/img/member/g000596_200.jpg,0,0
M001208,"McBath, Lucy",,,HOUSE,Georgia,,Democratic,,,,,,https://www.congress.gov/img/member/m001208_200.jpg,0,0
C001129,"Collins, Mike",,,HOUSE,Georgia,,Republican,,,,,,https://www.congress.gov/img/member/c001129_200.jpg,0,0
W000788,"Williams, Nikema",,,HOUSE,Georgia,,Democratic,,,,,,https://www.congress.gov/img/member/w000788_200.jpg,0,0
C001116,"Clyde, Andrew S.",,,HOUSE,Georgia,,Republican,,,,,,https://www.congress.gov/img/member/c001116_200.jpg,0,0
A000372,"Allen, Rick W.",,,HOUSE,Georgia,,Republican,,,,,,https://www.congress.gov/img/member/a000372_200.jpg,0,0
L000583,"Loudermilk, Barry",,,HOUSE,Georgia,,Republican,,,,,,https://www.congress.gov/img/member/115_rp_ga_11_loudermilk_barry_200.jpg,0,0
C001103,"Carter, Earl L. ""Buddy""",,,HOUSE,Georgia,,Republican,,,,,,https://www.congress.gov/img/member/c001103_200.jpg,0,0
S001189,"Scott, Austin",,,HOUSE,Georgia,,Republican,,,,,,https://www.congress.gov/img/member/s001189_200.jpg,0,0
S001157,"Scott, David",,,HOUSE,Georgia,,Democratic,,,,,,https://www.congress.gov/img/member/116_rp_ga_13_scott_david_200.jpg,0,0
J000288,"Johnson, Henry C. ""Hank""",,,HOUSE,Georgia,,Democratic,,,,,,https://www.congress.gov/img/member/j000288_200.jpg,0,0
B000490,"Bishop, Sanford D.",,,HOUSE,Georgia,,Democratic,,,,,,https://www.congress.gov/img/member/b000490_200.jpg,0,0
M001219,"Moylan, James C.",,,HOUSE,Guam,,Republican,,,,,,https://www.congress.gov/img/member/m001219_200.jpg,0,0
S001194,"Schatz, Brian",,,SENATE,Hawaii,,Democratic,,,,,,https://www.congress.gov/img/member/s001194_200.jpg,0,0
H001042,"Hirono, Mazie K.",,,SENATE,Hawaii,,Democratic,,,,,,https://www.congress.gov/img/member/h001042_200.jpg,0,0
T000487,"Tokuda, Jill N.",,,HOUSE,Hawaii,,Democratic,,,,,,https://www.congress.gov/img/member/t000487_200.jpg,0,0
C001055,"Case, Ed",,,HOUSE,Hawaii,,Democratic,,,,,,https://www.congress.gov/img/member/c001055_200.jpg,0,0
R000584,"Risch, James E.",,,SENATE,Idaho,,Republican,,,,,,https://www.congress.gov/img/member/r000584_200.jpg,0,0
C000880,"Crapo, Mike",,,SENATE,Idaho,,Republican,,,,,,https://www.congress.gov/img/member/c000880_200.jpg,0,0
F000469,"Fulcher, Russ",,,HOUSE,Idaho,,Republican,,,,,,https://www.congress.gov/img/member/f000469_200.jpg,0,0
S001148,"Simpson, Michael K.",,,HOUSE,Idaho,,Republican,,,,,,https://www.congress.gov/img/member/678152c81f9ad6ea6fb1eb7f_200.jpg,0,0
D000622,"Duckworth, Tammy",,,SENATE,Illinois,,Democratic,,,,,,https://www.congress.gov/img/member/d000622_200.jpg,0,0
D000563,"Durbin, Richard J.",,,SENATE,Illinois,,Democratic,,,,,,https://www.congress.gov/img/member/d000563_200.jpg,0,0
S001225,"Sorensen, Eric",,,HOUSE,Illinois,,Democratic,,,,,,https://www.congress.gov/img/member/s001225_200.jpg,0,0
R000617,"Ramirez, Delia C.",,,HOUSE,Illinois,,Democratic,,,,,,https://www.congress.gov/img/member/684c2356333714e4aee2e1fd_200.jpg,0,0
J000309,"Jackson, Jonathan L.",,,HOUSE,Illinois,,Democratic,,,,,,https://www.congress.gov/img/member/j000309_200.jpg,0,0
B001315,"Budzinski, Nikki",,,HOUSE,Illinois,,Democratic,,,,,,https://www.congress.gov/img/member/b001315_200.jpg,0,0
L000585,"LaHood, Darin",,,HOUSE,Illinois,,Republican,,,,,,https://www.congress.gov/img/member/115_rp_il_18_lahood_darin_200.jpg,0,0
M001211,"Miller, Mary E.",,,HOUSE,Illinois,,Republican,,,,,,https://www.congress.gov/img/member/m001211_200.jpg,0,0
G000586,"García, Jesús G. ""Chuy""",,,HOUSE,Illinois,,Democratic,,,,,,https://www.congress.gov/img/member/g000586_200.jpg,0,0
U000040,"Underwood, Lauren",,,HOUSE,Illinois,,Democratic,,,,,,https://www.congress.gov/img/member/u000040_200.jpg,0,0
C001117,"Casten, Sean",,,HOUSE,Illinois,,Democratic,,,,,,https://www.congress.gov/img/member/c001117_200.jpg,0,0
K000391,"Krishnamoorthi, Raja",,,HOUSE,Illinois,,Democratic,,,,,,https://www.congress.gov/img/member/k000391_200.jpg,0,0
S001190,"Schneider, Bradley Scott",,,HOUSE,Illinois,,Democratic,,,,,,https://www.congress.gov/img/member/s001190_200.jpg,0,0
B001295,"Bost, Mike",,,HOUSE,Illinois,,Republican,,,,,,https://www.congress.gov/img/member/b001295_200.jpg,0,0
K000385,"Kelly, Robin L.",,,HOUSE,Illinois,,Democratic,,,,,,https://www.congress.gov/img/member/116_rp_il_2_kelly_robin_200.jpg,0,0
Q000023,"Quigley, Mike",,,HOUSE,Illinois,,Democratic,,,,,,https://www.congress.gov/img/member/q000023_200.jpg,0,0
F000454,"Foster, Bill",,,HOUSE,Illinois,,Democratic,,,,,,https://www.congress.gov/img/member/f000454_200.jpg,0,0
S001145,"Schakowsky, Janice D.",,,HOUSE,Illinois,,Democratic,,,,,,https://www.congress.gov/img/member/116_rp_il_9_schakowsky_janice_200.jpg,0,0
D000096,"Davis, Danny K.",,,HOUSE,Illinois,,Democratic,,,,,,https://www.congress.gov/img/member/116_rp_il_7_davis_danny_200.jpg,0,0
Y000064,"Young, Todd",,,SENATE,Indiana,,Republican,,,,,,https://www.congress.gov/img/member/y000064_200.jpg,0,0
B001299,"Banks, Jim",,,SENATE,Indiana,,Republican,,,,,,https://www.congress.gov/img/member/677d83cbfdb6cf36bbb64998_200.jpg,0,0
S001229,"Shreve, Jefferson",,,HOUSE,Indiana,,Republican,,,,,,https://www.congress.gov/img/member/67745f0e0b34857ecc90918b_200.jpg,0,0
M001233,"Messmer, Mark B.",,,HOUSE,Indiana,,Republican,,,,,,https://www.congress.gov/img/member/677448630b34857ecc909125_200.jpg,0,0
S001188,"Stutzman, Marlin A.",,,HOUSE,Indiana,,Republican,,,,,,https://www.congress.gov/img/member/67745e7e0b34857ecc90917f_200.jpg,0,0
H001093,"Houchin, Erin",,,HOUSE,Indiana,,Republican,,,,,,https://www.congress.gov/img/member/h001093_200.jpg,0,0
Y000067,"Yakym, Rudy",,,HOUSE,Indiana,,Republican,,,,,,https://www.congress.gov/img/member/y000067_200.jpg,0,0
S000929,"Spartz, Victoria",,,HOUSE,Indiana,,Republican,,,,,,https://www.congress.gov/img/member/s000929_200.jpg,0,0
M001214,"Mrvan, Frank J.",,,HOUSE,Indiana,,Democratic,,,,,,https://www.congress.gov/img/member/m001214_200.jpg,0,0
B001307,"Baird, James R.",,,HOUSE,Indiana,,Republican,,,,,,https://www.congress.gov/img/member/b001307_200.jpg,0,0
C001072,"Carson, André",,,HOUSE,Indiana,,Democratic,,,,,,https://www.congress.gov/img/member/c001072_200.jpg,0,0
G000386,"Grassley, Chuck",,,SENATE,Iowa,,Republican,,,,,,https://www.congress.gov/img/member/g000386_200.jpg,0,0
E000295,"Ernst, Joni",,,SENATE,Iowa,,Republican,,,,,,https://www.congress.gov/img/member/e000295_200.jpg,0,0
N000193,"Nunn, Zachary",,,HOUSE,Iowa,,Republican,,,,,,https://www.congress.gov/img/member/n000193_200.jpg,0,0
M001215,"Miller-Meeks, Mariannette",,,HOUSE,Iowa,,Republican,,,,,,https://www.congress.gov/img/member/m001215_200.jpg,0,0
H001091,"Hinson, Ashley",,,HOUSE,Iowa,,Republican,,,,,,https://www.congress.gov/img/member/677ed0c7514c773869b6b920_200.jpg,0,0
F000446,"Feenstra, Randy",,,HOUSE,Iowa,,Republican,,,,,,https://www.congress.gov/img/member/f000446_200.jpg,0,0
M000934,"Moran, Jerry",,,SENATE,Kansas,,Republican,,,,,,https://www.congress.gov/img/member/m000934_200.jpg,0,0
M001198,"Marshall, Roger",,,SENATE,Kansas,,Republican,,,,,,https://www.congress.gov/img/member/m001198_200.jpg,0,0
S001228,"Schmidt, Derek",,,HOUSE,Kansas,,Republican,,,,,,https://www.congress.gov/img/member/67745ec50b34857ecc909185_200.jpg,0,0
M000871,"Mann, Tracey",,,HOUSE,Kansas,,Republican,,,,,,https://www.congress.gov/img/member/m000871_200.jpg,0,0
D000629,"Davids, Sharice",,,HOUSE,Kansas,,Democratic,,,,,,https://www.congress.gov/img/member/d000629_200.jpg,0,0
E000298,"Estes, Ron",,,HOUSE,Kansas,,Republican,,,,,,https://www.congress.gov/img/member/e000298_200.jpg,0,0
P000603,"Paul, Rand",,,SENATE,Kentucky,,Republican,,,,,,https://www.congress.gov/img/member/p000603_200.jpg,0,0
M000355,"McConnell, Mitch",,,SENATE,Kentucky,,Republican,,,,,,https://www.congress.gov/img/member/m000355_200.jpg,0,0
M001220,"McGarvey, Morgan",,,HOUSE,Kentucky,,Democratic,,,,,,https://www.congress.gov/img/member/m001220_200.jpg,0,0
C001108,"Comer, James",,,HOUSE,Kentucky,,Republican,,,,,,https://www.congress.gov/img/member/c001108_200.jpg,0,0
B001282,"Barr, Andy",,,HOUSE,Kentucky,,Republican,,,,,,https://www.congress.gov/img/member/b001282_200.jpg,0,0
M001184,"Massie, Thomas",,,HOUSE,Kentucky,,Republican,,,,,,https://www.congress.gov/img/member/m001184_200.jpg,0,0
G000558,"Guthrie, Brett",,,HOUSE,Kentucky,,Republican,,,,,,https://www.congress.gov/img/member/g000558_200.jpg,0,0
R000395,"Rogers, Harold",,,HOUSE,Kentucky,,Republican,,,,,,https://www.congress.gov/img/member/r000395_200.jpg,0,0
K000393,"Kennedy, John",,,SENATE,Louisiana,,Republican,,,,,,https://www.congress.gov/img/member/k000393_200.jpg,0,0
C001075,"Cassidy, Bill",,,SENATE,Louisiana,,Republican,,,,,,https://www.congress.gov/img/member/c001075_200.jpg,0,0
F000110,"Fields, Cleo",,,HOUSE,Louisiana,,Democratic,,,,,,https://www.congress.gov/img/member/677426250b34857ecc90908f_200.jpg,0,0
C001125,"Carter, Troy A.",,,HOUSE,Louisiana,,Democratic,,,,,,https://www.congress.gov/img/member/c001125_200.jpg,0,0
L000595,"Letlow, Julia",,,HOUSE,Louisiana,,Republican,,,,,,https://www.congress.gov/img/member/l000595_200.jpg,0,0
J000299,"Johnson, Mike",,,HOUSE,Louisiana,,Republican,,,,,,https://www.congress.gov/img/member/67ffcb2af22eaf56065817c4_200.jpg,0,0
H001077,"Higgins, Clay",,,HOUSE,Louisiana,,Republican,,,,,,https://www.congress.gov/img/member/h001077_200.jpg,0,0
S001176,"Scalise, Steve",,,HOUSE,Louisiana,,Republican,,,,,,https://www.congress.gov/img/member/s001176_200.jpg,0,0
K000383,"King, Angus S., Jr.",,,SENATE,Maine,,Independent,,,,,,https://www.congress.gov/img/member/k000383_200.jpg,0,0
C001035,"Collins, Susan M.",,,SENATE,Maine,,Republican,,,,,,https://www.congress.gov/img/member/c001035_200.jpg,0,0
G000592,"Golden, Jared F.",,,HOUSE,Maine,,Democratic,,,,,,https://www.congress.gov/img/member/g000592_200.jpg,0,0
P000597,"Pingree, Chellie",,,HOUSE,Maine,,Democratic,,,,,,https://www.congress.gov/img/member/p000597_200.jpg,0,0
V000128,"Van Hollen, Chris",,,SENATE,Maryland,,Democratic,,,,,,https://www.congress.gov/img/member/v000128_200.jpg,0,0
A000382,"Alsobrooks, Angela D.",,,SENATE,Maryland,,Democratic,,,,,,https://www.congress.gov/img/member/67acdbbf044eb506e25958f2_200.jpg,0,0
O000176,"Olszewski, Johnny",,,HOUSE,Maryland,,Democratic,,,,,,https://www.congress.gov/img/member/67744f4e0b34857ecc90915b_200.jpg,0,0
M001232,"McClain Delaney, April",,,HOUSE,Maryland,,Democratic,,,,,,https://www.congress.gov/img/member/677446d80b34857ecc90911f_200.jpg,0,0
E000301,"Elfreth, Sarah",,,HOUSE,Maryland,,Democratic,,,,,,https://www.congress.gov/img/member/677425dc0b34857ecc909089_200.jpg,0,0
I000058,"Ivey, Glenn",,,HOUSE,Maryland,,Democratic,,,,,,https://www.congress.gov/img/member/i000058_200.jpg,0,0
M000687,"Mfume, Kweisi",,,HOUSE,Maryland,,Democratic,,,,,,https://www.congress.gov/img/member/m000687_200.jpg,0,0
R000606,"Raskin, Jamie",,,HOUSE,Maryland,,Democratic,,,,,,https://www.congress.gov/img/member/r000606_200.jpg,0,0
H001052,"Harris, Andy",,,HOUSE,Maryland,,Republican,,,,,,https://www.congress.gov/img/member/117_rp_md_1_harris_andy_200.jpg,0,0
H000874,"Hoyer, Steny H.",,,HOUSE,Maryland,,Democratic,,,,,,https://www.congress.gov/img/member/116_rp_md_5_hoyer_steny_200.jpg,0,0
W000817,"Warren, Elizabeth",,,SENATE,Massachusetts,,Democratic,,,,,,https://www.congress.gov/img/member/w000817_200.jpg,0,0
M000133,"Markey, Edward J.",,,SENATE,Massachusetts,,Democratic,,,,,,https://www.congress.gov/img/member/m000133_200.jpg,0,0
A000148,"Auchincloss, Jake",,,HOUSE,Massachusetts,,Democratic,,,,,,https://www.congress.gov/img/member/67817e391f9ad6ea6fb1ebda_200.jpg,0,0
P000617,"Pressley, Ayanna",,,HOUSE,Massachusetts,,Democratic,,,,,,https://www.congress.gov/img/member/p000617_200.jpg,0,0
T000482,"Trahan, Lori",,,HOUSE,Massachusetts,,Democratic,,,,,,https://www.congress.gov/img/member/t000482_200.jpg,0,0
M001196,"Moulton, Seth",,,HOUSE,Massachusetts,,Democratic,,,,,,https://www.congress.gov/img/member/m001196_200.jpg,0,0
C001101,"Clark, Katherine M.",,,HOUSE,Massachusetts,,Democratic,,,,,,https://www.congress.gov/img/member/c001101_200.jpg,0,0
K000375,"Keating, William R.",,,HOUSE,Massachusetts,,Democratic,,,,,,https://www.congress.gov/img/member/k000375_200.jpg,0,0
M000312,"McGovern, James P.",,,HOUSE,Massachusetts,,Democratic,,,,,,https://www.congress.gov/img/member/117_rp_ma_2_mcgovern_james_200.jpg,0,0
N000015,"Neal, Richard E.",,,HOUSE,Massachusetts,,Democratic,,,,,,https://www.congress.gov/img/member/n000015_200.jpg,0,0
L000562,"Lynch, Stephen F.",,,HOUSE,Massachusetts,,Democratic,,,,,,https://www.congress.gov/img/member/l000562_200.jpg,0,0
S001208,"Slotkin, Elissa",,,SENATE,Michigan,,Democratic,,,,,,https://www.congress.gov/img/member/s001208_200.jpg,0,0
P000595,"Peters, Gary C.",,,SENATE,Michigan,,Democratic,,,,,,https://www.congress.gov/img/member/p000595_200.jpg,0,0
M001237,"McDonald Rivet, Kristen",,,HOUSE,Michigan,,Democratic,,,,,,https://www.congress.gov/img/member/67744afa0b34857ecc90913d_200.jpg,0,0
B001321,"Barrett, Tom",,,HOUSE,Michigan,,Republican,,,,,,https://www.congress.gov/img/member/6774207d0b34857ecc909034_200.jpg,0,0
T000488,"Thanedar, Shri",,,HOUSE,Michigan,,Democratic,,,,,,https://www.congress.gov/img/member/68122bf2246d1b6bd8d9f6a2_200.jpg,0,0
S001221,"Scholten, Hillary J.",,,HOUSE,Michigan,,Democratic,,,,,,https://www.congress.gov/img/member/s001221_200.jpg,0,0
J000307,"James, John",,,HOUSE,Michigan,,Republican,,,,,,https://www.congress.gov/img/member/j000307_200.jpg,0,0
M001136,"McClain, Lisa C.",,,HOUSE,Michigan,,Republican,,,,,,https://www.congress.gov/img/member/677836d41658e791a384976d_200.jpg,0,0
T000481,"Tlaib, Rashida",,,HOUSE,Michigan,,Democratic,,,,,,https://www.congress.gov/img/member/t000481_200.jpg,0,0
D000624,"Dingell, Debbie",,,HOUSE,Michigan,,Democratic,,,,,,https://www.congress.gov/img/member/d000624_200.jpg,0,0
M001194,"Moolenaar, John R.",,,HOUSE,Michigan,,Republican,,,,,,https://www.congress.gov/img/member/m001194_200.jpg,0,0
H001058,"Huizenga, Bill",,,HOUSE,Michigan,,Republican,,,,,,https://www.congress.gov/img/member/h001058_200.jpg,0,0
W000798,"Walberg, Tim",,,HOUSE,Michigan,,Republican,,,,,,https://www.congress.gov/img/member/w000798_200.jpg,0,0
S001215,"Stevens, Haley M.",,,HOUSE,Michigan,,Democratic,,,,,,https://www.congress.gov/img/member/s001215_200.jpg,0,0
B001301,"Bergman, Jack",,,HOUSE,Michigan,,Republican,,,,,,https://www.congress.gov/img/member/b001301_200.jpg,0,0
S001203,"Smith, Tina",,,SENATE,Minnesota,,Democratic,,,,,,https://www.congress.gov/img/member/s001203_200.jpg,0,0
K000367,"Klobuchar, Amy",,,SENATE,Minnesota,,Democratic,,,,,,https://www.congress.gov/img/member/k000367_200.jpg,0,0
M001234,"Morrison, Kelly",,,HOUSE,Minnesota,,Democratic,,,,,,https://www.congress.gov/img/member/677449a70b34857ecc90912b_200.jpg,0,0
F000475,"Finstad, Brad",,,HOUSE,Minnesota,,Republican,,,,,,https://www.congress.gov/img/member/f000475_200.jpg,0,0
F000470,"Fischbach, Michelle",,,HOUSE,Minnesota,,Republican,,,,,,https://www.congress.gov/img/member/f000470_200.jpg,0,0
C001119,"Craig, Angie",,,HOUSE,Minnesota,,Democratic,,,,,,https://www.congress.gov/img/member/c001119_200.jpg,0,0
S001212,"Stauber, Pete",,,HOUSE,Minnesota,,Republican,,,,,,https://www.congress.gov/img/member/s001212_200.jpg,0,0
O000173,"Omar, Ilhan",,,HOUSE,Minnesota,,Democratic,,,,,,https://www.congress.gov/img/member/o000173_200.jpg,0,0
E000294,"Emmer, Tom",,,HOUSE,Minnesota,,Republican,,,,,,https://www.congress.gov/img/member/e000294_200.jpg,0,0
M001143,"McCollum, Betty",,,HOUSE,Minnesota,,Democratic,,,,,,https://www.congress.gov/img/member/116_rp_mn_4_mccollum_betty_200.jpg,0,0
W000437,"Wicker, Roger F.",,,SENATE,Mississippi,,Republican,,,,,,https://www.congress.gov/img/member/f49ac425119375e9fe6a075762734079_200.jpg,0,0
H001079,"Hyde-Smith, Cindy",,,SENATE,Mississippi,,Republican,,,,,,https://www.congress.gov/img/member/h001079_200.jpg,0,0
E000235,"Ezell, Mike",,,HOUSE,Mississippi,,Republican,,,,,,https://www.congress.gov/img/member/e000235_200.jpg,0,0
G000591,"Guest, Michael",,,HOUSE,Mississippi,,Republican,,,,,,https://www.congress.gov/img/member/g000591_200.jpg,0,0
K000388,"Kelly, Trent",,,HOUSE,Mississippi,,Republican,,,,,,https://www.congress.gov/img/member/116_rp_ms_1_kelly_trent_200.jpg,0,0
T000193,"Thompson, Bennie G.",,,HOUSE,Mississippi,,Democratic,,,,,,https://www.congress.gov/img/member/t000193_200.jpg,0,0
S001227,"Schmitt, Eric",,,SENATE,Missouri,,Republican,,,,,,https://www.congress.gov/img/member/b66a0806e77f63e862391b15a0b1f753_200.jpg,0,0
H001089,"Hawley, Josh",,,SENATE,Missouri,,Republican,,,,,,https://www.congress.gov/img/member/h001089_200.jpg,0,0
O000177,"Onder, Robert F.",,,HOUSE,Missouri,,Republican,,,,,,https://www.congress.gov/img/member/67744f970b34857ecc909161_200.jpg,0,0
B001324,"Bell, Wesley",,,HOUSE,Missouri,,Democratic,,,,,,https://www.congress.gov/img/member/677422240b34857ecc90904a_200.jpg,0,0
B001316,"Burlison, Eric",,,HOUSE,Missouri,,Republican,,,,,,https://www.congress.gov/img/member/b001316_200.jpg,0,0
A000379,"Alford, Mark",,,HOUSE,Missouri,,Republican,,,,,,https://www.congress.gov/img/member/a000379_200.jpg,0,0
S001195,"Smith, Jason",,,HOUSE,Missouri,,Republican,,,,,,https://www.congress.gov/img/member/s001195_200.jpg,0,0
W000812,"Wagner, Ann",,,HOUSE,Missouri,,Republican,,,,,,https://www.congress.gov/img/member/w000812_200.jpg,0,0
C001061,"Cleaver, Emanuel",,,HOUSE,Missouri,,Democratic,,,,,,https://www.congress.gov/img/member/116_rp_mo_5_cleaver_emanuel_200.jpg,0,0
G000546,"Graves, Sam",,,HOUSE,Missouri,,Republican,,,,,,https://www.congress.gov/img/member/g000546_200.jpg,0,0
S001232,"Sheehy, Tim",,,SENATE,Montana,,Republican,,,,,,https://www.congress.gov/img/member/677d8231fdb6cf36bbb6498b_200.jpg,0,0
D000618,"Daines, Steve",,,SENATE,Montana,,Republican,,,,,,https://www.congress.gov/img/member/d000618_200.jpg,0,0
D000634,"Downing, Troy",,,HOUSE,Montana,,Republican,,,,,,https://www.congress.gov/img/member/677424da0b34857ecc909077_200.jpg,0,0
Z000018,"Zinke, Ryan K.",,,HOUSE,Montana,,Republican,,,,,,https://www.congress.gov/img/member/117_rp_mt_1_zinke_ryan_200.jpg,0,0
R000618,"Ricketts, Pete",,,SENATE,Nebraska,,Republican,,,,,,https://www.congress.gov/img/member/r000618_200.jpg,0,0
F000463,"Fischer, Deb",,,SENATE,Nebraska,,Republican,,,,,,https://www.congress.gov/img/member/669ec7925d19788d1f2034a1_200.jpg,0,0
F000474,"Flood, Mike",,,HOUSE,Nebraska,,Republican,,,,,,https://www.congress.gov/img/member/67b4de4a61bd80d04553b0a5_200.jpg,0,0
B001298,"Bacon, Don",,,HOUSE,Nebraska,,Republican,,,,,,https://www.congress.gov/img/member/115_rp_ne_2_bacon_don_200.jpg,0,0
S001172,"Smith, Adrian",,,HOUSE,Nebraska,,Republican,,,,,,https://www.congress.gov/img/member/s001172_200.jpg,0,0
R000608,"Rosen, Jacky",,,SENATE,Nevada,,Democratic,,,,,,https://www.congress.gov/img/member/r000608_200.jpg,0,0
C001113,"Cortez Masto, Catherine",,,SENATE,Nevada,,Democratic,,,,,,https://www.congress.gov/img/member/c001113_200.jpg,0,0
L000590,"Lee, Susie",,,HOUSE,Nevada,,Democratic,,,,,,https://www.congress.gov/img/member/l000590_200.jpg,0,0
H001066,"Horsford, Steven",,,HOUSE,Nevada,,Democratic,,,,,,https://www.congress.gov/img/member/h001066_200.jpg,0,0
A000369,"Amodei, Mark E.",,,HOUSE,Nevada,,Republican,,,,,,https://www.congress.gov/img/member/a000369_200.jpg,0,0
T000468,"Titus, Dina",,,HOUSE,Nevada,,Democratic,,,,,,https://www.congress.gov/img/member/6809296b6c2e6631263de728_200.jpg,0,0
S001181,"Shaheen, Jeanne",,,SENATE,New Hampshire,,Democratic,,,,,,https://www.congress.gov/img/member/s001181_200.jpg,0,0
H001076,"Hassan, Margaret Wood",,,SENATE,New Hampshire,,Democratic,,,,,,https://www.congress.gov/img/member/h001076_200.jpg,0,0
G000604,"Goodlander, Maggie",,,HOUSE,New Hampshire,,Democratic,,,,,,https://www.congress.gov/img/member/678ff62d66bf616cf1a7ce13_200.jpg,0,0
P000614,"Pappas, Chris",,,HOUSE,New Hampshire,,Democratic,,,,,,https://www.congress.gov/img/member/p000614_200.jpg,0,0
K000394,"Kim, Andy",,,SENATE,New Jersey,,Democratic,,,,,,https://www.congress.gov/img/member/677d84cbfdb6cf36bbb649a1_200.jpg,0,0
B001288,"Booker, Cory A.",,,SENATE,New Jersey,,Democratic,,,,,,https://www.congress.gov/img/member/b001288_200.jpg,0,0
P000621,"Pou, Nellie",,,HOUSE,New Jersey,,Democratic,,,,,,https://www.congress.gov/img/member/67745d3b0b34857ecc909167_200.jpg,0,0
C001136,"Conaway, Herbert C.",,,HOUSE,New Jersey,,Democratic,,,,,,https://www.congress.gov/img/member/6774243a0b34857ecc90906b_200.jpg,0,0
M001229,"McIver, LaMonica",,,HOUSE,New Jersey,,Democratic,,,,,,https://www.congress.gov/img/member/681dfed94fc893ce843e24b8_200.jpg,0,0
M001226,"Menendez, Robert",,,HOUSE,New Jersey,,Democratic,,,,,,https://www.congress.gov/img/member/681231f6246d1b6bd8d9f6b4_200.jpg,0,0
K000398,"Kean, Thomas H.",,,HOUSE,New Jersey,,Republican,,,,,,https://www.congress.gov/img/member/k000398_200.jpg,0,0
V000133,"Van Drew, Jefferson",,,HOUSE,New Jersey,,Republican,,,,,,https://www.congress.gov/img/member/67c0c39d53fe81a4b3c0cac1_200.jpg,0,0
G000583,"Gottheimer, Josh",,,HOUSE,New Jersey,,Democratic,,,,,,https://www.congress.gov/img/member/115_rp_nj_5_gottheimer_josh_200.jpg,0,0
W000822,"Watson Coleman, Bonnie",,,HOUSE,New Jersey,,Democratic,,,,,,https://www.congress.gov/img/member/w000822_200.jpg,0,0
N000188,"Norcross, Donald",,,HOUSE,New Jersey,,Democratic,,,,,,https://www.congress.gov/img/member/n000188_200.jpg,0,0
P000034,"Pallone, Frank",,,HOUSE,New Jersey,,Democratic,,,,,,https://www.congress.gov/img/member/p000034_200.jpg,0,0
S000522,"Smith, Christopher H.",,,HOUSE,New Jersey,,Republican,,,,,,https://www.congress.gov/img/member/s000522_200.jpg,0,0
L000570,"Luján, Ben Ray",,,SENATE,New Mexico,,Democratic,,,,,,https://www.congress.gov/img/member/l000570_200.jpg,0,0
H001046,"Heinrich, Martin",,,SENATE,New Mexico,,Democratic,,,,,,https://www.congress.gov/img/member/h001046_200.jpg,0,0
V000136,"Vasquez, Gabe",,,HOUSE,New Mexico,,Democratic,,,,,,https://www.congress.gov/img/member/v000136_200.jpg,0,0
S001218,"Stansbury, Melanie A.",,,HOUSE,New Mexico,,Democratic,,,,,,https://www.congress.gov/img/member/s001218_200.jpg,0,0
L000273,"Leger Fernandez, Teresa",,,HOUSE,New Mexico,,Democratic,,,,,,https://www.congress.gov/img/member/l000273_200.jpg,0,0
S000148,"Schumer, Charles E.",,,SENATE,New York,,Democratic,,,,,,https://www.congress.gov/img/member/s000148_200.jpg,0,0
G000555,"Gillibrand, Kirsten E.",,,SENATE,New York,,Democratic,,,,,,https://www.congress.gov/img/member/g000555_200.jpg,0,0
R000622,"Riley, Josh",,,HOUSE,New York,,Democratic,,,,,,https://www.congress.gov/img/member/67745e360b34857ecc909179_200.jpg,0,0
M001231,"Mannion, John W.",,,HOUSE,New York,,Democratic,,,,,,https://www.congress.gov/img/member/677446860b34857ecc909119_200.jpg,0,0
L000606,"Latimer, George",,,HOUSE,New York,,Democratic,,,,,,https://www.congress.gov/img/member/6774301b0b34857ecc909107_200.jpg,0,0
G000602,"Gillen, Laura",,,HOUSE,New York,,Democratic,,,,,,https://www.congress.gov/img/member/677427de0b34857ecc9090ad_200.jpg,0,0
K000402,"Kennedy, Timothy M.",,,HOUSE,New York,,Democratic,,,,,,https://www.congress.gov/img/member/668e9306658443009a697c8c_200.jpg,0,0
S001201,"Suozzi, Thomas R.",,,HOUSE,New York,,Democratic,,,,,,https://www.congress.gov/img/member/116_rp_ny_3_suozzi_thomas_200.jpg,0,0
L000599,"Lawler, Michael",,,HOUSE,New York,,Republican,,,,,,https://www.congress.gov/img/member/l000599_200.jpg,0,0
L000600,"Langworthy, Nicholas A.",,,HOUSE,New York,,Republican,,,,,,https://www.congress.gov/img/member/680901e76c2e6631263de716_200.jpg,0,0
L000598,"LaLota, Nick",,,HOUSE,New York,,Republican,,,,,,https://www.congress.gov/img/member/l000598_200.jpg,0,0
G000599,"Goldman, Daniel S.",,,HOUSE,New York,,Democratic,,,,,,https://www.congress.gov/img/member/g000599_200.jpg,0,0
R000579,"Ryan, Patrick",,,HOUSE,New York,,Democratic,,,,,,https://www.congress.gov/img/member/r000579_200.jpg,0,0
T000478,"Tenney, Claudia",,,HOUSE,New York,,Republican,,,,,,https://www.congress.gov/img/member/t000478_200.jpg,0,0
N000002,"Nadler, Jerrold",,,HOUSE,New York,,Democratic,,,,,,https://www.congress.gov/img/member/n000002_200.jpg,0,0
T000486,"Torres, Ritchie",,,HOUSE,New York,,Democratic,,,,,,https://www.congress.gov/img/member/t000486_200.jpg,0,0
M000317,"Malliotakis, Nicole",,,HOUSE,New York,,Republican,,,,,,https://www.congress.gov/img/member/m000317_200.jpg,0,0
G000597,"Garbarino, Andrew R.",,,HOUSE,New York,,Republican,,,,,,https://www.congress.gov/img/member/g000597_200.jpg,0,0
O000172,"Ocasio-Cortez, Alexandria",,,HOUSE,New York,,Democratic,,,,,,https://www.congress.gov/img/member/o000172_200.jpg,0,0
M001206,"Morelle, Joseph D.",,,HOUSE,New York,,Democratic,,,,,,https://www.congress.gov/img/member/67ffc962f22eaf56065817bb_200.jpg,0,0
E000297,"Espaillat, Adriano",,,HOUSE,New York,,Democratic,,,,,,https://www.congress.gov/img/member/e000297_200.jpg,0,0
S001196,"Stefanik, Elise M.",,,HOUSE,New York,,Republican,,,,,,https://www.congress.gov/img/member/s001196_200.jpg,0,0
C001067,"Clarke, Yvette D.",,,HOUSE,New York,,Democratic,,,,,,https://www.congress.gov/img/member/674dfc6b5c48ff736e6e1762_200.jpg,0,0
T000469,"Tonko, Paul",,,HOUSE,New York,,Democratic,,,,,,https://www.congress.gov/img/member/t000469_200.jpg,0,0
M001137,"Meeks, Gregory W.",,,HOUSE,New York,,Democratic,,,,,,https://www.congress.gov/img/member/m001137_200.jpg,0,0
V000081,"Velázquez, Nydia M.",,,HOUSE,New York,,Democratic,,,,,,https://www.congress.gov/img/member/v000081_200.jpg,0,0
J000294,"Jeffries, Hakeem S.",,,HOUSE,New York,,Democratic,,,,,,https://www.congress.gov/img/member/j000294_200.jpg,0,0
M001188,"Meng, Grace",,,HOUSE,New York,,Democratic,,,,,,https://www.congress.gov/img/member/m001188_200.jpg,0,0
T000476,"Tillis, Thomas",,,SENATE,North Carolina,,Republican,,,,,,https://www.congress.gov/img/member/t000476_200.jpg,0,0
B001305,"Budd, Ted",,,SENATE,North Carolina,,Republican,,,,,,https://www.congress.gov/img/member/b001305_200.jpg,0,0
M001240,"McDowell, Addison P.",,,HOUSE,North Carolina,,Republican,,,,,,https://www.congress.gov/img/member/67744e930b34857ecc90914f_200.jpg,0,0
M001236,"Moore, Tim",,,HOUSE,North Carolina,,Republican,,,,,,https://www.congress.gov/img/member/67744a540b34857ecc909137_200.jpg,0,0
K000405,"Knott, Brad",,,HOUSE,North Carolina,,Republican,,,,,,https://www.congress.gov/img/member/67742fc60b34857ecc909101_200.jpg,0,0
H001102,"Harris, Mark",,,HOUSE,North Carolina,,Republican,,,,,,https://www.congress.gov/img/member/67742d1b0b34857ecc9090dd_200.jpg,0,0
H001101,"Harrigan, Pat",,,HOUSE,North Carolina,,Republican,,,,,,https://www.congress.gov/img/member/67742ca40b34857ecc9090d7_200.jpg,0,0
F000477,"Foushee, Valerie P.",,,HOUSE,North Carolina,,Democratic,,,,,,https://www.congress.gov/img/member/68122e57246d1b6bd8d9f6ab_200.jpg,0,0
E000246,"Edwards, Chuck",,,HOUSE,North Carolina,,Republican,,,,,,https://www.congress.gov/img/member/e000246_200.jpg,0,0
D000230,"Davis, Donald G.",,,HOUSE,North Carolina,,Democratic,,,,,,https://www.congress.gov/img/member/d000230_200.jpg,0,0
H001067,"Hudson, Richard",,,HOUSE,North Carolina,,Republican,,,,,,https://www.congress.gov/img/member/h001067_200.jpg,0,0
R000305,"Ross, Deborah K.",,,HOUSE,North Carolina,,Democratic,,,,,,https://www.congress.gov/img/member/r000305_200.jpg,0,0
M001210,"Murphy, Gregory F.",,,HOUSE,North Carolina,,Republican,,,,,,https://www.congress.gov/img/member/m001210_200.jpg,0,0
R000603,"Rouzer, David",,,HOUSE,North Carolina,,Republican,,,,,,https://www.congress.gov/img/member/r000603_200.jpg,0,0
A000370,"Adams, Alma S.",,,HOUSE,North Carolina,,Democratic,,,,,,https://www.congress.gov/img/member/a000370_200.jpg,0,0
F000450,"Foxx, Virginia",,,HOUSE,North Carolina,,Republican,,,,,,https://www.congress.gov/img/member/116_rp_nc_5_foxx_virginia_200.jpg,0,0
H001061,"Hoeven, John",,,SENATE,North Dakota,,Republican,,,,,,https://www.congress.gov/img/member/h001061_200.jpg,0,0
C001096,"Cramer, Kevin",,,SENATE,North Dakota,,Republican,,,,,,https://www.congress.gov/img/member/c001096_200.jpg,0,0
F000482,"Fedorchak, Julie",,,HOUSE,North Dakota,,Republican,,,,,,https://www.congress.gov/img/member/677426c20b34857ecc90909b_200.jpg,0,0
K000404,"King-Hinds, Kimberlyn",,,HOUSE,Northern Mariana Islands,,Republican,,,,,,https://www.congress.gov/img/member/67742f0a0b34857ecc9090fb_200.jpg,0,0
M001242,"Moreno, Bernie",,,SENATE,Ohio,,Republican,,,,,,https://www.congress.gov/img/member/67c8694e6159152e59828afb_200.jpg,0,0
H001104,"Husted, Jon",,,SENATE,Ohio,,Republican,,,,,,https://www.congress.gov/img/member/67f0316b1b05a5a598f7fdf3_200.jpg,0,0
T000490,"Taylor, David J.",,,HOUSE,Ohio,,Republican,,,,,,https://www.congress.gov/img/member/677460190b34857ecc9091a3_200.jpg,0,0
R000619,"Rulli, Michael A.",,,HOUSE,Ohio,,Republican,,,,,,https://www.congress.gov/img/member/668e9425658443009a697c95_200.jpg,0,0
S001223,"Sykes, Emilia Strong",,,HOUSE,Ohio,,Democratic,,,,,,https://www.congress.gov/img/member/s001223_200.jpg,0,0
M001222,"Miller, Max L.",,,HOUSE,Ohio,,Republican,,,,,,https://www.congress.gov/img/member/680908fb6c2e6631263de71f_200.jpg,0,0
L000601,"Landsman, Greg",,,HOUSE,Ohio,,Democratic,,,,,,https://www.congress.gov/img/member/l000601_200.jpg,0,0
C001126,"Carey, Mike",,,HOUSE,Ohio,,Republican,,,,,,https://www.congress.gov/img/member/c001126_200.jpg,0,0
B001313,"Brown, Shontel M.",,,HOUSE,Ohio,,Democratic,,,,,,https://www.congress.gov/img/member/b001313_200.jpg,0,0
B001306,"Balderson, Troy",,,HOUSE,Ohio,,Republican,,,,,,https://www.congress.gov/img/member/116_rp_oh_12_balderson_troy_200.jpg,0,0
D000626,"Davidson, Warren",,,HOUSE,Ohio,,Republican,,,,,,https://www.congress.gov/img/member/115_rp_oh_8_davidson_warren_200.jpg,0,0
T000463,"Turner, Michael R.",,,HOUSE,Ohio,,Republican,,,,,,https://www.congress.gov/img/member/68014c674e51529406f18e56_200.jpg,0,0
J000295,"Joyce, David P.",,,HOUSE,Ohio,,Republican,,,,,,https://www.congress.gov/img/member/j000295_200.jpg,0,0
B001281,"Beatty, Joyce",,,HOUSE,Ohio,,Democratic,,,,,,https://www.congress.gov/img/member/b001281_200.jpg,0,0
L000566,"Latta, Robert E.",,,HOUSE,Ohio,,Republican,,,,,,https://www.congress.gov/img/member/l000566_200.jpg,0,0
J000289,"Jordan, Jim",,,HOUSE,Ohio,,Republican,,,,,,https://www.congress.gov/img/member/j000289_200.jpg,0,0
K000009,"Kaptur, Marcy",,,HOUSE,Ohio,,Democratic,,,,,,https://www.congress.gov/img/member/k000009_200.jpg,0,0
M001190,"Mullin, Markwayne",,,SENATE,Oklahoma,,Republican,,,,,,https://www.congress.gov/img/member/m001190_200.jpg,0,0
L000575,"Lankford, James",,,SENATE,Oklahoma,,Republican,,,,,,https://www.congress.gov/img/member/l000575_200.jpg,0,0
B001317,"Brecheen, Josh",,,HOUSE,Oklahoma,,Republican,,,,,,https://www.congress.gov/img/member/b001317_200.jpg,0,0
B000740,"Bice, Stephanie I.",,,HOUSE,Oklahoma,,Republican,,,,,,https://www.congress.gov/img/member/b000740_200.jpg,0,0
H001082,"Hern, Kevin",,,HOUSE,Oklahoma,,Republican,,,,,,https://www.congress.gov/img/member/h001082_200.jpg,0,0
L000491,"Lucas, Frank D.",,,HOUSE,Oklahoma,,Republican,,,,,,https://www.congress.gov/img/member/116_rp_ok_3_lucas_frank_200.jpg,0,0
C001053,"Cole, Tom",,,HOUSE,Oklahoma,,Republican,,,,,,https://www.congress.gov/img/member/c001053_200.jpg,0,0
W000779,"Wyden, Ron",,,SENATE,Oregon,,Democratic,,,,,,https://www.congress.gov/img/member/w000779_200.jpg,0,0
M001176,"Merkley, Jeff",,,SENATE,Oregon,,Democratic,,,,,,https://www.congress.gov/img/member/m001176_200.jpg,0,0
D000635,"Dexter, Maxine",,,HOUSE,Oregon,,Democratic,,,,,,https://www.congress.gov/img/member/677425260b34857ecc90907d_200.jpg,0,0
B001326,"Bynum, Janelle S.",,,HOUSE,Oregon,,Democratic,,,,,,https://www.congress.gov/img/member/677423150b34857ecc909059_200.jpg,0,0
S001226,"Salinas, Andrea",,,HOUSE,Oregon,,Democratic,,,,,,https://www.congress.gov/img/member/s001226_200.jpg,0,0
H001094,"Hoyle, Val T.",,,HOUSE,Oregon,,Democratic,,,,,,https://www.congress.gov/img/member/h001094_200.jpg,0,0
B000668,"Bentz, Cliff",,,HOUSE,Oregon,,Republican,,,,,,https://www.congress.gov/img/member/b000668_200.jpg,0,0
B001278,"Bonamici, Suzanne",,,HOUSE,Oregon,,Democratic,,,,,,https://www.congress.gov/img/member/b001278_200.jpg,0,0
M001243,"McCormick, David",,,SENATE,Pennsylvania,,Republican,,,,,,https://www.congress.gov/img/member/677d85e0fdb6cf36bbb649aa_200.jpg,0,0
F000479,"Fetterman, John",,,SENATE,Pennsylvania,,Democratic,,,,,,https://www.congress.gov/img/member/f000479_200.jpg,0,0
M001230,"Mackenzie, Ryan",,,HOUSE,Pennsylvania,,Republican,,,,,,https://www.congress.gov/img/member/677430a40b34857ecc909113_200.jpg,0,0
B001327,"Bresnahan, Robert P.",,,HOUSE,Pennsylvania,,Republican,,,,,,https://www.congress.gov/img/member/6774236f0b34857ecc90905f_200.jpg,0,0
L000602,"Lee, Summer L.",,,HOUSE,Pennsylvania,,Democratic,,,,,,https://www.congress.gov/img/member/l000602_200.jpg,0,0
D000530,"Deluzio, Christopher R.",,,HOUSE,Pennsylvania,,Democratic,,,,,,https://www.congress.gov/img/member/d000530_200.jpg,0,0
S001205,"Scanlon, Mary Gay",,,HOUSE,Pennsylvania,,Democratic,,,,,,https://www.congress.gov/img/member/116_rp_pa_5_scanlon_mary_200.jpg,0,0
R000610,"Reschenthaler, Guy",,,HOUSE,Pennsylvania,,Republican,,,,,,https://www.congress.gov/img/member/r000610_200.jpg,0,0
J000302,"Joyce, John",,,HOUSE,Pennsylvania,,Republican,,,,,,https://www.congress.gov/img/member/j000302_200.jpg,0,0
M001204,"Meuser, Daniel",,,HOUSE,Pennsylvania,,Republican,,,,,,https://www.congress.gov/img/member/6776ebbf4f8a93753830ca7d_200.jpg,0,0
H001085,"Houlahan, Chrissy",,,HOUSE,Pennsylvania,,Democratic,,,,,,https://www.congress.gov/img/member/681bc0e6b763f94d6e471f50_200.jpg,0,0
D000631,"Dean, Madeleine",,,HOUSE,Pennsylvania,,Democratic,,,,,,https://www.congress.gov/img/member/d000631_200.jpg,0,0
S001199,"Smucker, Lloyd",,,HOUSE,Pennsylvania,,Republican,,,,,,https://www.congress.gov/img/member/s001199_200.jpg,0,0
E000296,"Evans, Dwight",,,HOUSE,Pennsylvania,,Democratic,,,,,,https://www.congress.gov/img/member/115_rp_pa_2_evans_dwight_200.jpg,0,0
B001296,"Boyle, Brendan F.",,,HOUSE,Pennsylvania,,Democratic,,,,,,https://www.congress.gov/img/member/115_rp_pa_13_boyle_brendan_200.jpg,0,0
P000605,"Perry, Scott",,,HOUSE,Pennsylvania,,Republican,,,,,,https://www.congress.gov/img/member/677ec7d3514c773869b6b915_200.jpg,0,0
K000376,"Kelly, Mike",,,HOUSE,Pennsylvania,,Republican,,,,,,https://www.congress.gov/img/member/k000376_200.jpg,0,0
T000467,"Thompson, Glenn",,,HOUSE,Pennsylvania,,Republican,,,,,,https://www.congress.gov/img/member/115_rp_pa_5_thompson_glenn_200.jpg,0,0
F000466,"Fitzpatrick, Brian K.",,,HOUSE,Pennsylvania,,Republican,,,,,,https://www.congress.gov/img/member/116_rp_pa_1_fitzpatrick_brian_200.jpg,0,0
H001103,"Hernández, Pablo Jose",,,HOUSE,Puerto Rico,,Democratic,,,,,,https://www.congress.gov/img/member/67742d980b34857ecc9090e3_200.jpg,0,0
W000802,"Whitehouse, Sheldon",,,SENATE,Rhode Island,,Democratic,,,,,,https://www.congress.gov/img/member/w000802_200.jpg,0,0
R000122,"Reed, Jack",,,SENATE,Rhode Island,,Democratic,,,,,,https://www.congress.gov/img/member/r000122_200.jpg,0,0
A000380,"Amo, Gabe",,,HOUSE,Rhode Island,,Democratic,,,,,,https://www.congress.gov/img/member/669ace45fa2fb0d731226768_200.jpg,0,0
M001223,"Magaziner, Seth",,,HOUSE,Rhode Island,,Democratic,,,,,,https://www.congress.gov/img/member/m001223_200.jpg,0,0
S001184,"Scott, Tim",,,SENATE,South Carolina,,Republican,,,,,,https://www.congress.gov/img/member/s001184_200.jpg,0,0
G000359,"Graham, Lindsey",,,SENATE,South Carolina,,Republican,,,,,,https://www.congress.gov/img/member/g000359_200.jpg,0,0
B001325,"Biggs, Sheri",,,HOUSE,South Carolina,,Republican,,,,,,https://www.congress.gov/img/member/677422990b34857ecc909052_200.jpg,0,0
F000478,"Fry, Russell",,,HOUSE,South Carolina,,Republican,,,,,,https://www.congress.gov/img/member/f000478_200.jpg,0,0
M000194,"Mace, Nancy",,,HOUSE,South Carolina,,Republican,,,,,,https://www.congress.gov/img/member/m000194_200.jpg,0,0
T000480,"Timmons, William R.",,,HOUSE,South Carolina,,Republican,,,,,,https://www.congress.gov/img/member/t000480_200.jpg,0,0
N000190,"Norman, Ralph",,,HOUSE,South Carolina,,Republican,,,,,,https://www.congress.gov/img/member/n000190_200.jpg,0,0
W000795,"Wilson, Joe",,,HOUSE,South Carolina,,Republican,,,,,,https://www.congress.gov/img/member/116_rp_sc_2_wilson_joe_200.jpg,0,0
C000537,"Clyburn, James E.",,,HOUSE,South Carolina,,Democratic,,,,,,https://www.congress.gov/img/member/c000537_200.jpg,0,0
T000250,"Thune, John",,,SENATE,South Dakota,,Republican,,,,,,https://www.congress.gov/img/member/t000250_200.jpg,0,0
R000605,"Rounds, Mike",,,SENATE,South Dakota,,Republican,,,,,,https://www.congress.gov/img/member/r000605_200.jpg,0,0
J000301,"Johnson, Dusty",,,HOUSE,South Dakota,,Republican,,,,,,https://www.congress.gov/img/member/j000301_200.jpg,0,0
H000601,"Hagerty, Bill",,,SENATE,Tennessee,,Republican,,,,,,https://www.congress.gov/img/member/h000601_200.jpg,0,0
B001243,"Blackburn, Marsha",,,SENATE,Tennessee,,Republican,,,,,,https://www.congress.gov/img/member/b001243_200.jpg,0,0
O000175,"Ogles, Andrew",,,HOUSE,Tennessee,,Republican,,,,,,https://www.congress.gov/img/member/o000175_200.jpg,0,0
H001086,"Harshbarger, Diana",,,HOUSE,Tennessee,,Republican,,,,,,https://www.congress.gov/img/member/h001086_200.jpg,0,0
R000612,"Rose, John W.",,,HOUSE,Tennessee,,Republican,,,,,,https://www.congress.gov/img/member/r000612_200.jpg,0,0
B001309,"Burchett, Tim",,,HOUSE,Tennessee,,Republican,,,,,,https://www.congress.gov/img/member/b001309_200.jpg,0,0
K000392,"Kustoff, David",,,HOUSE,Tennessee,,Republican,,,,,,https://www.congress.gov/img/member/116_rp_tn_8_kustoff_david_200.jpg,0,0
D000616,"DesJarlais, Scott",,,HOUSE,Tennessee,,Republican,,,,,,https://www.congress.gov/img/member/d000616_200.jpg,0,0
F000459,"Fleischmann, Charles J. ""Chuck""",,,HOUSE,Tennessee,,Republican,,,,,,https://www.congress.gov/img/member/f000459_200.jpg,0,0
C001068,"Cohen, Steve",,,HOUSE,Tennessee,,Democratic,,,,,,https://www.congress.gov/img/member/c001068_200.jpg,0,0
C001098,"Cruz, Ted",,,SENATE,Texas,,Republican,,,,,,https://www.congress.gov/img/member/c001098_200.jpg,0,0
C001056,"Cornyn, John",,,SENATE,Texas,,Republican,,,,,,https://www.congress.gov/img/member/c001056_200.jpg,0,0
J000310,"Johnson, Julie",,,HOUSE,Texas,,Democratic,,,,,,https://www.congress.gov/img/member/67742df60b34857ecc9090e9_200.jpg,0,0
G000603,"Gill, Brandon",,,HOUSE,Texas,,Republican,,,,,,https://www.congress.gov/img/member/677428ac0b34857ecc9090b3_200.jpg,0,0
G000601,"Goldman, Craig A.",,,HOUSE,Texas,,Republican,,,,,,https://www.congress.gov/img/member/6774277d0b34857ecc9090a7_200.jpg,0,0
S001224,"Self, Keith",,,HOUSE,Texas,,Republican,,,,,,https://www.congress.gov/img/member/s001224_200.jpg,0,0
M001224,"Moran, Nathaniel",,,HOUSE,Texas,,Republican,,,,,,https://www.congress.gov/img/member/680008c5f22eaf56065817f4_200.jpg,0,0
L000603,"Luttrell, Morgan",,,HOUSE,Texas,,Republican,,,,,,https://www.congress.gov/img/member/l000603_200.jpg,0,0
H001095,"Hunt, Wesley",,,HOUSE,Texas,,Republican,,,,,,https://www.congress.gov/img/member/h001095_200.jpg,0,0
D000594,"De La Cruz, Monica",,,HOUSE,Texas,,Republican,,,,,,https://www.congress.gov/img/member/66d9fd54f440bf1dc174fbf6_200.jpg,0,0
C001130,"Crockett, Jasmine",,,HOUSE,Texas,,Democratic,,,,,,https://www.congress.gov/img/member/c001130_200.jpg,0,0
C001131,"Casar, Greg",,,HOUSE,Texas,,Democratic,,,,,,https://www.congress.gov/img/member/c001131_200.jpg,0,0
G000581,"Gonzalez, Vicente",,,HOUSE,Texas,,Democratic,,,,,,https://www.congress.gov/img/member/115_rp_tx_15_gonzalez_vicente_200.jpg,0,0
G000553,"Green, Al",,,HOUSE,Texas,,Democratic,,,,,,https://www.congress.gov/img/member/116_rp_tx_9_green_al_200.jpg,0,0
D000399,"Doggett, Lloyd",,,HOUSE,Texas,,Democratic,,,,,,https://www.congress.gov/img/member/d000399_200.jpg,0,0
E000071,"Ellzey, Jake",,,HOUSE,Texas,,Republican,,,,,,https://www.congress.gov/img/member/e000071_200.jpg,0,0
V000134,"Van Duyne, Beth",,,HOUSE,Texas,,Republican,,,,,,https://www.congress.gov/img/member/677461060b34857ecc9091af_200.jpg,0,0
N000026,"Nehls, Troy E.",,,HOUSE,Texas,,Republican,,,,,,https://www.congress.gov/img/member/n000026_200.jpg,0,0
J000304,"Jackson, Ronny",,,HOUSE,Texas,,Republican,,,,,,https://www.congress.gov/img/member/j000304_200.jpg,0,0
G000594,"Gonzales, Tony",,,HOUSE,Texas,,Republican,,,,,,https://www.congress.gov/img/member/g000594_200.jpg,0,0
S000250,"Sessions, Pete",,,HOUSE,Texas,,Republican,,,,,,https://www.congress.gov/img/member/115_rp_tx_32_sessions_pete_200.jpg,0,0
P000048,"Pfluger, August",,,HOUSE,Texas,,Republican,,,,,,https://www.congress.gov/img/member/p000048_200.jpg,0,0
F000246,"Fallon, Pat",,,HOUSE,Texas,,Republican,,,,,,https://www.congress.gov/img/member/f000246_200.jpg,0,0
G000587,"Garcia, Sylvia R.",,,HOUSE,Texas,,Democratic,,,,,,https://www.congress.gov/img/member/g000587_200.jpg,0,0
R000614,"Roy, Chip",,,HOUSE,Texas,,Republican,,,,,,https://www.congress.gov/img/member/r000614_200.jpg,0,0
E000299,"Escobar, Veronica",,,HOUSE,Texas,,Democratic,,,,,,https://www.congress.gov/img/member/e000299_200.jpg,0,0
F000468,"Fletcher, Lizzie",,,HOUSE,Texas,,Democratic,,,,,,https://www.congress.gov/img/member/67813f931f9ad6ea6fb1eb6f_200.jpg,0,0
G000589,"Gooden, Lance",,,HOUSE,Texas,,Republican,,,,,,https://www.congress.gov/img/member/g000589_200.jpg,0,0
C001120,"Crenshaw, Dan",,,HOUSE,Texas,,Republican,,,,,,https://www.congress.gov/img/member/c001120_200.jpg,0,0
C001115,"Cloud, Michael",,,HOUSE,Texas,,Republican,,,,,,https://www.congress.gov/img/member/115_rp_tx_27_cloud_michael_200.jpg,0,0
A000375,"Arrington, Jodey C.",,,HOUSE,Texas,,Republican,,,,,,https://www.congress.gov/img/member/115_rp_tx_19_arrington_jodey_200.jpg,0,0
B001291,"Babin, Brian",,,HOUSE,Texas,,Republican,,,,,,https://www.congress.gov/img/member/b001291_200.jpg,0,0
V000131,"Veasey, Marc A.",,,HOUSE,Texas,,Democratic,,,,,,https://www.congress.gov/img/member/v000131_200.jpg,0,0
W000816,"Williams, Roger",,,HOUSE,Texas,,Republican,,,,,,https://www.congress.gov/img/member/w000816_200.jpg,0,0
C001091,"Castro, Joaquin",,,HOUSE,Texas,,Democratic,,,,,,https://www.congress.gov/img/member/c001091_200.jpg,0,0
W000814,"Weber, Randy K. Sr.",,,HOUSE,Texas,,Republican,,,,,,https://www.congress.gov/img/member/w000814_200.jpg,0,0
C001063,"Cuellar, Henry",,,HOUSE,Texas,,Democratic,,,,,,https://www.congress.gov/img/member/116_rp_tx_28_cuellar_henry_200.jpg,0,0
M001157,"McCaul, Michael T.",,,HOUSE,Texas,,Republican,,,,,,https://www.congress.gov/img/member/116_rp_tx_10_mccaul_michael_200.jpg,0,0
C001051,"Carter, John R.",,,HOUSE,Texas,,Republican,,,,,,https://www.congress.gov/img/member/c001051_200.jpg,0,0
L000577,"Lee, Mike",,,SENATE,Utah,,Republican,,,,,,https://www.congress.gov/img/member/l000577_200.jpg,0,0
C001114,"Curtis, John R.",,,SENATE,Utah,,Republican,,,,,,https://www.congress.gov/img/member/1b9d1007d6895a37da28a67cd8149803_200.jpg,0,0
K000403,"Kennedy, Mike",,,HOUSE,Utah,,Republican,,,,,,https://www.congress.gov/img/member/67742e7c0b34857ecc9090f5_200.jpg,0,0
M001228,"Maloy, Celeste",,,HOUSE,Utah,,Republican,,,,,,https://www.congress.gov/img/member/m001228_200.jpg,0,0
O000086,"Owens, Burgess",,,HOUSE,Utah,,Republican,,,,,,https://www.congress.gov/img/member/o000086_200.jpg,0,0
M001213,"Moore, Blake D.",,,HOUSE,Utah,,Republican,,,,,,https://www.congress.gov/img/member/m001213_200.jpg,0,0
W000800,"Welch, Peter",,,SENATE,Vermont,,Democratic,,,,,,https://www.congress.gov/img/member/fd3cb364b8bf93c25834cff750637802_200.jpg,0,0
S000033,"Sanders, Bernard",,,SENATE,Vermont,,Independent,,,,,,https://www.congress.gov/img/member/s000033_200.jpg,0,0
B001318,"Balint, Becca",,,HOUSE,Vermont,,Democratic,,,,,,https://www.congress.gov/img/member/b001318_200.jpg,0,0
P000610,"Plaskett, Stacey E.",,,HOUSE,Virgin Islands,,Democratic,,,,,,https://www.congress.gov/img/member/116_dg_vi_plaskett_stacey_200.jpg,0,0
W000805,"Warner, Mark R.",,,SENATE,Virginia,,Democratic,,,,,,https://www.congress.gov/img/member/w000805_200.jpg,0,0
K000384,"Kaine, Tim",,,SENATE,Virginia,,Democratic,,,,,,https://www.congress.gov/img/member/k000384_200.jpg,0,0
V000138,"Vindman, Eugene Simon",,,HOUSE,Virginia,,Democratic,,,,,,https://www.congress.gov/img/member/6774617a0b34857ecc9091b5_200.jpg,0,0
S001230,"Subramanyam, Suhas",,,HOUSE,Virginia,,Democratic,,,,,,https://www.congress.gov/img/member/6797be8bc75fbc6f720e476a_200.jpg,0,0
M001239,"McGuire, John J.",,,HOUSE,Virginia,,Republican,,,,,,https://www.congress.gov/img/member/67744ba20b34857ecc909149_200.jpg,0,0
M001227,"McClellan, Jennifer L.",,,HOUSE,Virginia,,Democratic,,,,,,https://www.congress.gov/img/member/m001227_200.jpg,0,0
K000399,"Kiggans, Jennifer A.",,,HOUSE,Virginia,,Republican,,,,,,https://www.congress.gov/img/member/66b0ce45b0288a917d98f619_200.jpg,0,0
C001118,"Cline, Ben",,,HOUSE,Virginia,,Republican,,,,,,https://www.congress.gov/img/member/c001118_200.jpg,0,0
W000831,"Walkinshaw, James R.",,,HOUSE,Virginia,,Democratic,,,,,,https://www.congress.gov/img/member/68c1bd4ca929c5b98220e069_200.jpg,0,0
B001292,"Beyer, Donald S.",,,HOUSE,Virginia,,Democratic,,,,,,https://www.congress.gov/img/member/b001292_200.jpg,0,0
W000804,"Wittman, Robert J.",,,HOUSE,Virginia,,Republican,,,,,,https://www.congress.gov/img/member/w000804_200.jpg,0,0
G000568,"Griffith, H. Morgan",,,HOUSE,Virginia,,Republican,,,,,,https://www.congress.gov/img/member/68094df86c2e6631263de737_200.jpg,0,0
S000185,"Scott, Robert C. ""Bobby""",,,HOUSE,Virginia,,Democratic,,,,,,https://www.congress.gov/img/member/s000185_200.jpg,0,0
M001111,"Murray, Patty",,,SENATE,Washington,,Democratic,,,,,,https://www.congress.gov/img/member/1b52ad6d215684d847d1c2bf28b9b262_200.jpg,0,0
C000127,"Cantwell, Maria",,,SENATE,Washington,,Democratic,,,,,,https://www.congress.gov/img/member/c000127_200.jpg,0,0
B001322,"Baumgartner, Michael",,,HOUSE,Washington,,Republican,,,,,,https://www.congress.gov/img/member/6774212e0b34857ecc90903a_200.jpg,0,0
G000600,"Perez, Marie Gluesenkamp",,,HOUSE,Washington,,Democratic,,,,,,https://www.congress.gov/img/member/g000600_200.jpg,0,0
S001159,"Strickland, Marilyn",,,HOUSE,Washington,,Democratic,,,,,,https://www.congress.gov/img/member/s001159_200.jpg,0,0
S001216,"Schrier, Kim",,,HOUSE,Washington,,Democratic,,,,,,https://www.congress.gov/img/member/s001216_200.jpg,0,0
J000298,"Jayapal, Pramila",,,HOUSE,Washington,,Democratic,,,,,,https://www.congress.gov/img/member/116_rp_wa_7_jayapal_pramila_200.jpg,0,0
N000189,"Newhouse, Dan",,,HOUSE,Washington,,Republican,,,,,,https://www.congress.gov/img/member/116_rp_wa_4_newhouse_dan_200.jpg,0,0
D000617,"DelBene, Suzan K.",,,HOUSE,Washington,,Democratic,,,,,,https://www.congress.gov/img/member/d000617_200.jpg,0,0
R000621,"Randall, Emily",,,HOUSE,Washington,,Democratic,,,,,,https://www.congress.gov/img/member/67745dcf0b34857ecc909173_200.jpg,0,0
S000510,"Smith, Adam",,,HOUSE,Washington,,Democratic,,,,,,https://www.congress.gov/img/member/116_rp_wa_9_smith_adam_200.jpg,0,0
L000560,"Larsen, Rick",,,HOUSE,Washington,,Democratic,,,,,,https://www.congress.gov/img/member/116_rp_wa_2_larsen_rick_200.jpg,0,0
J000312,"Justice, James C.",,,SENATE,West Virginia,,Republican,,,,,,https://www.congress.gov/img/member/67c86b5e6159152e59828b1a_200.jpg,0,0
C001047,"Capito, Shelley Moore",,,SENATE,West Virginia,,Republican,,,,,,https://www.congress.gov/img/member/c001047_200.jpg,0,0
M001235,"Moore, Riley M.",,,HOUSE,West Virginia,,Republican,,,,,,https://www.congress.gov/img/member/677449fd0b34857ecc909131_200.jpg,0,0
M001205,"Miller, Carol D.",,,HOUSE,West Virginia,,Republican,,,,,,https://www.congress.gov/img/member/m001205_200.jpg,0,0
J000293,"Johnson, Ron",,,SENATE,Wisconsin,,Republican,,,,,,https://www.congress.gov/img/member/j000293_200.jpg,0,0
B001230,"Baldwin, Tammy",,,SENATE,Wisconsin,,Democratic,,,,,,https://www.congress.gov/img/member/b001230_200.jpg,0,0
W000829,"Wied, Tony",,,HOUSE,Wisconsin,,Republican,,,,,,https://www.congress.gov/img/member/6734b6724c72e343a6aff9e6_200.jpg,0,0
V000135,"Van Orden, Derrick",,,HOUSE,Wisconsin,,Republican,,,,,,https://www.congress.gov/img/member/v000135_200.jpg,0,0
F000471,"Fitzgerald, Scott",,,HOUSE,Wisconsin,,Republican,,,,,,https://www.congress.gov/img/member/f000471_200.jpg,0,0
T000165,"Tiffany, Thomas P.",,,HOUSE,Wisconsin,,Republican,,,,,,https://www.congress.gov/img/member/t000165_200.jpg,0,0
S001213,"Steil, Bryan",,,HOUSE,Wisconsin,,Republican,,,,,,https://www.congress.gov/img/member/s001213_200.jpg,0,0
G000576,"Grothman, Glenn",,,HOUSE,Wisconsin,,Republican,,,,,,https://www.congress.gov/img/member/116_rp_wi_6_grothman_glenn_200.jpg,0,0
P000607,"Pocan, Mark",,,HOUSE,Wisconsin,,Democratic,,,,,,https://www.congress.gov/img/member/p000607_200.jpg,0,0
M001160,"Moore, Gwen",,,HOUSE,Wisconsin,,Democratic,,,,,,https://www.congress.gov/img/member/116_rp_wi_4_moore_gwen_200.jpg,0,0
L000571,"Lummis, Cynthia M.",,,SENATE,Wyoming,,Republican,,,,,,https://www.congress.gov/img/member/l000571_200.jpg,0,0
B001261,"Barrasso, John",,,SENATE,Wyoming,,Republican,,,,,,https://www.congress.gov/img/member/b001261_200.jpg,0,0
H001096,"Hageman, Harriet M.",,,HOUSE,Wyoming,,Republican,,,,,,https://www.congress.gov/img/member/h001096_200.jpg,0,0
