bioguide_id,full_name,aipac_direct_amount_2025,aipac_earmark_amount_2025,aipac_ie_support_2025,aipac_ie_against_opp_2025,aipac_ie_total_2025,aipac_total_2025,dmfi_direct_2025,dmfi_total_2025,aipac_supported_2025,dmfi_supported_2025
A000055,"Aderholt, Robert B.",0.0,822.4200000000001,0.0,0.0,0.0,822.4200000000001,0.0,0.0,1,0
A000148,"Auchincloss, Jake",5000.0,229333.44,0.0,0.0,0.0,234333.44,0.0,0.0,1,0
A000369,"Amodei, Mark E.",0.0,322.44,0.0,0.0,0.0,322.44,0.0,0.0,1,0
A000370,"Adams, Alma S.",0.0,0.0,0.0,0.0,0.0,0.0,0.0,0.0,0,0
A000371,"Aguilar, Pete",5000.0,305097.44,0.0,0.0,0.0,310097.44,0.0,0.0,1,0
A000372,"Allen, Rick W.",5000.0,11372.44,0.0,0.0,0.0,16372.44,0.0,0.0,1,0
A000375,"Arrington, Jodey C.",0.0,2372.42,0.0,0.0,0.0,2372.42,0.0,0.0,1,0
A000379,"Alford, Mark",5000.0,19822.42,0.0,0.0,0.0,24822.42,0.0,0.0,1,0
A000380,"Amo, Gabe",1000.0,1348.92,0.0,0.0,0.0,2348.92,0.0,0.0,1,0
A000381,"Ansari, Yassamin",0.0,0.0,0.0,0.0,0.0,0.0,0.0,0.0,0,0
A000382,"Alsobrooks, Angela D.",0.0,0.0,0.0,0.0,0.0,0.0,0.0,0.0,0,0
B000490,"Bishop, Sanford D.",0.0,0.0,0.0,0.0,0.0,0.0,0.0,0.0,0,0
B000668,"Bentz, Cliff",0.0,0.0,0.0,0.0,0.0,0.0,0.0,0.0,0,0
B000740,"Bice, Stephanie I.",0.0,20272.42,0.0,0.0,0.0,20272.42,0.0,0.0,1,0
B000825,"Boebert, Lauren",0.0,0.0,0.0,0.0,0.0,0.0,0.0,0.0,0,0
B001230,"Baldwin, Tammy",0.0,0.0,0.0,0.0,0.0,0.0,0.0,0.0,0,0
B001236,"Boozman, John",0.0,0.0,0.0,0.0,0.0,0.0,0.0,0.0,0,0
B001243,"Blackburn, Marsha",0.0,0.0,0.0,0.0,0.0,0.0,0.0,0.0,0,0
B001257,"Bilirakis, Gus M.",0.0,2272.44,0.0,0.0,0.0,2272.44,0.0,0.0,1,0
B001260,"Buchanan, Vern",0.0,522.42,0.0,0.0,0.0,522.42,0.0,0.0,1,0
B001261,"Barrasso, John",0.0,0.0,0.0,0.0,0.0,0.0,0.0,0.0,0,0
B001267,"Bennet, Michael F.",0.0,0.0,0.0,0.0,0.0,0.0,0.0,0.0,0,0
B001277,"Blumenthal, Richard",0.0,0.0,0.0,0.0,0.0,0.0,0.0,0.0,0,0
B001278,"Bonamici, Suzanne",0.0,0.0,0.0,0.0,0.0,0.0,0.0,0.0,0,0
B001281,"Beatty, Joyce",0.0,406.42,0.0,0.0,0.0,406.42,0.0,0.0,1,0
B001282,"Barr, Andy",0.0,29109.43,0.0,0.0,0.0,29109.43,0.0,0.0,1,0
B001285,"Brownley, Julia",0.0,1021.44,0.0,0.0,0.0,1021.44,0.0,0.0,1,0
B001287,"Bera, Ami",0.0,0.0,0.0,0.0,0.0,0.0,0.0,0.0,0,0
B001288,"Booker, Cory A.",5000.0,581359.76,0.0,0.0,0.0,586359.76,0.0,0.0,1,0
B001291,"Babin, Brian",5000.0,11122.42,0.0,0.0,0.0,16122.42,0.0,0.0,1,0
B001292,"Beyer, Donald S.",0.0,0.0,0.0,0.0,0.0,0.0,0.0,0.0,0,0
B001295,"Bost, Mike",5000.0,12122.44,0.0,0.0,0.0,17122.440000000002,0.0,0.0,1,0
B001296,"Boyle, Brendan F.",5000.0,94311.42,0.0,0.0,0.0,99311.42,0.0,0.0,1,0
B001298,"Bacon, Don",0.0,119.44,0.0,0.0,0.0,119.44,0.0,0.0,1,0
B001299,"Banks, Jim",0.0,0.0,0.0,0.0,0.0,0.0,0.0,0.0,0,0
B001300,"Barragán, Nanette Diaz",0.0,0.0,0.0,0.0,0.0,0.0,0.0,0.0,0,0
B001301,"Bergman, Jack",0.0,572.44,0.0,0.0,0.0,572.44,0.0,0.0,1,0
B001302,"Biggs, Andy",0.0,0.0,0.0,0.0,0.0,0.0,0.0,0.0,0,0
B001303,"Blunt Rochester, Lisa",0.0,0.0,0.0,0.0,0.0,0.0,0.0,0.0,0,0
B001305,"Budd, Ted",0.0,0.0,0.0,0.0,0.0,0.0,0.0,0.0,0,0
B001306,"Balderson, Troy",0.0,72.43,0.0,0.0,0.0,72.43,0.0,0.0,1,0
B001307,"Baird, James R.",0.0,622.4300000000001,0.0,0.0,0.0,622.4300000000001,0.0,0.0,1,0
B001309,"Burchett, Tim",0.0,0.0,0.0,0.0,0.0,0.0,0.0,0.0,0,0
B001313,"Brown, Shontel M.",0.0,8381.42,0.0,0.0,0.0,8381.42,0.0,0.0,1,0
B001314,"Bean, Aaron",5000.0,10137.44,0.0,0.0,0.0,15137.44,0.0,0.0,1,0
B001315,"Budzinski, Nikki",0.0,6061.4400000000005,0.0,0.0,0.0,6061.4400000000005,0.0,0.0,1,0
B001316,"Burlison, Eric",1000.0,1022.42,0.0,0.0,0.0,2022.42,0.0,0.0,1,0
B001317,"Brecheen, Josh",0.0,72.44,0.0,0.0,0.0,72.44,0.0,0.0,1,0
B001318,"Balint, Becca",0.0,0.0,0.0,0.0,0.0,0.0,0.0,0.0,0,0
B001319,"Britt, Katie Boyd",0.0,0.0,0.0,0.0,0.0,0.0,0.0,0.0,0,0
B001321,"Barrett, Tom",0.0,0.0,0.0,0.0,0.0,0.0,0.0,0.0,0,0
B001322,"Baumgartner, Michael",0.0,1001.0,0.0,0.0,0.0,1001.0,0.0,0.0,1,0
B001323,"Begich, Nicholas J.",0.0,0.0,0.0,0.0,0.0,0.0,0.0,0.0,0,0
B001324,"Bell, Wesley",0.0,492567.0,0.0,0.0,0.0,492567.0,0.0,0.0,1,0
B001325,"Biggs, Sheri",0.0,0.0,0.0,0.0,0.0,0.0,0.0,0.0,0,0
B001326,"Bynum, Janelle S.",0.0,0.0,0.0,0.0,0.0,0.0,0.0,0.0,0,0
B001327,"Bresnahan, Robert P.",5000.0,11701.0,0.0,0.0,0.0,16701.0,0.0,0.0,1,0
C000059,"Calvert, Ken",5000.0,245057.44,0.0,0.0,0.0,250057.44,0.0,0.0,1,0
C000127,"Cantwell, Maria",0.0,0.0,0.0,0.0,0.0,0.0,0.0,0.0,0,0
C000537,"Clyburn, James E.",0.0,0.0,0.0,0.0,0.0,0.0,0.0,0.0,0,0
C000880,"Crapo, Mike",0.0,0.0,0.0,0.0,0.0,0.0,0.0,0.0,0,0
C001035,"Collins, Susan M.",5000.0,385526.78,0.0,0.0,0.0,390526.78,0.0,0.0,1,0
C001039,"Cammack, Kat",10000.0,6022.42,0.0,0.0,0.0,16022.42,0.0,0.0,1,0
C001047,"Capito, Shelley Moore",5000.0,201026.79,0.0,0.0,0.0,206026.79,0.0,0.0,1,0
C001051,"Carter, John R.",5000.0,15123.43,0.0,0.0,0.0,20123.43,0.0,0.0,1,0
C001053,"Cole, Tom",5000.0,152772.43,0.0,0.0,0.0,157772.43,0.0,0.0,1,0
C001055,"Case, Ed",0.0,21.43,0.0,0.0,0.0,21.43,0.0,0.0,1,0
C001056,"Cornyn, John",10000.0,161046.78,0.0,0.0,0.0,171046.78,0.0,0.0,1,0
C001059,"Costa, Jim",5000.0,32261.43,0.0,0.0,0.0,37261.43,0.0,0.0,1,0
C001061,"Cleaver, Emanuel",0.0,0.0,0.0,0.0,0.0,0.0,0.0,0.0,0,0
C001063,"Cuellar, Henry",0.0,0.0,0.0,0.0,0.0,0.0,0.0,0.0,0,0
C001066,"Castor, Kathy",5000.0,13781.43,0.0,0.0,0.0,18781.43,0.0,0.0,1,0
C001067,"Clarke, Yvette D.",0.0,231.43,0.0,0.0,0.0,231.43,0.0,0.0,1,0
C001068,"Cohen, Steve",0.0,0.0,0.0,0.0,0.0,0.0,0.0,0.0,0,0
C001069,"Courtney, Joe",0.0,0.0,0.0,0.0,0.0,0.0,0.0,0.0,0,0
C001072,"Carson, André",0.0,0.0,0.0,0.0,0.0,0.0,0.0,0.0,0,0
C001075,"Cassidy, Bill",0.0,187336.77000000002,0.0,0.0,0.0,187336.77000000002,0.0,0.0,1,0
C001080,"Chu, Judy",0.0,0.0,0.0,0.0,0.0,0.0,0.0,0.0,0,0
C001087,"Crawford, Eric A. ""Rick""",0.0,0.0,0.0,0.0,0.0,0.0,0.0,0.0,0,0
C001088,"Coons, Christopher A.",0.0,95799.77,0.0,0.0,0.0,95799.77,0.0,0.0,1,0
C001091,"Castro, Joaquin",0.0,0.0,0.0,0.0,0.0,0.0,0.0,0.0,0,0
C001095,"Cotton, Tom",5000.0,612802.2,0.0,0.0,0.0,617802.2,0.0,0.0,1,0
C001096,"Cramer, Kevin",0.0,0.0,0.0,0.0,0.0,0.0,0.0,0.0,0,0
C001098,"Cruz, Ted",0.0,0.0,0.0,0.0,0.0,0.0,0.0,0.0,0,0
C001101,"Clark, Katherine M.",0.0,20807.43,0.0,0.0,0.0,20807.43,0.0,0.0,1,0
C001103,"Carter, Earl L. ""Buddy""",0.0,0.0,0.0,0.0,0.0,0.0,0.0,0.0,0,0
C001108,"Comer, James",0.0,622.4300000000001,0.0,0.0,0.0,622.4300000000001,0.0,0.0,1,0
C001110,"Correa, J. Luis",0.0,0.0,0.0,0.0,0.0,0.0,0.0,0.0,0,0
C001112,"Carbajal, Salud O.",0.0,0.0,0.0,0.0,0.0,0.0,0.0,0.0,0,0
C001113,"Cortez Masto, Catherine",0.0,0.0,0.0,0.0,0.0,0.0,0.0,0.0,0,0
C001114,"Curtis, John R.",0.0,0.0,0.0,0.0,0.0,0.0,0.0,0.0,0,0
C001115,"Cloud, Michael",0.0,0.0,0.0,0.0,0.0,0.0,0.0,0.0,0,0
C001116,"Clyde, Andrew S.",0.0,0.0,0.0,0.0,0.0,0.0,0.0,0.0,0,0
C001117,"Casten, Sean",0.0,0.0,0.0,0.0,0.0,0.0,0.0,0.0,0,0
C001118,"Cline, Ben",0.0,522.43,0.0,0.0,0.0,522.43,0.0,0.0,1,0
C001119,"Craig, Angie",10000.0,195409.44,0.0,0.0,0.0,205409.44,0.0,0.0,1,0
C001120,"Crenshaw, Dan",0.0,2129.94,0.0,0.0,0.0,2129.94,0.0,0.0,1,0
C001121,"Crow, Jason",0.0,0.0,0.0,0.0,0.0,0.0,0.0,0.0,0,0
C001123,"Cisneros, Gilbert Ray",0.0,11.43,0.0,0.0,0.0,11.43,0.0,0.0,1,0
C001125,"Carter, Troy A.",0.0,0.0,0.0,0.0,0.0,0.0,0.0,0.0,0,0
C001126,"Carey, Mike",5000.0,23822.42,0.0,0.0,0.0,28822.42,0.0,0.0,1,0
C001127,"Cherfilus-McCormick, Sheila",0.0,54281.43,0.0,0.0,0.0,54281.43,0.0,0.0,1,0
C001129,"Collins, Mike",5000.0,14146.43,0.0,0.0,0.0,19146.43,0.0,0.0,1,0
C001130,"Crockett, Jasmine",0.0,0.0,0.0,0.0,0.0,0.0,0.0,0.0,0,0
C001131,"Casar, Greg",0.0,0.0,0.0,0.0,0.0,0.0,0.0,0.0,0,0
C001132,"Crane, Elijah",0.0,0.0,0.0,0.0,0.0,0.0,0.0,0.0,0,0
C001133,"Ciscomani, Juan",0.0,124567.43,0.0,0.0,0.0,124567.43,0.0,0.0,1,0
C001136,"Conaway, Herbert C.",0.0,0.0,0.0,0.0,0.0,0.0,0.0,0.0,0,0
C001137,"Crank, Jeff",0.0,501.0,0.0,0.0,0.0,501.0,0.0,0.0,1,0
D000032,"Donalds, Byron",0.0,0.0,0.0,0.0,0.0,0.0,0.0,0.0,0,0
D000096,"Davis, Danny K.",0.0,0.0,0.0,0.0,0.0,0.0,0.0,0.0,0,0
D000197,"DeGette, Diana",0.0,0.0,0.0,0.0,0.0,0.0,0.0,0.0,0,0
D000216,"DeLauro, Rosa L.",0.0,21.439999999999998,0.0,0.0,0.0,21.439999999999998,0.0,0.0,1,0
D000230,"Davis, Donald G.",5000.0,195855.01,0.0,0.0,0.0,200855.01,0.0,0.0,1,0
D000399,"Doggett, Lloyd",0.0,0.0,0.0,0.0,0.0,0.0,0.0,0.0,0,0
D000530,"Deluzio, Christopher R.",0.0,0.0,0.0,0.0,0.0,0.0,0.0,0.0,0,0
D000563,"Durbin, Richard J.",0.0,0.0,0.0,0.0,0.0,0.0,0.0,0.0,0,0
D000594,"De La Cruz, Monica",0.0,48.42,0.0,0.0,0.0,48.42,0.0,0.0,1,0
D000600,"Diaz-Balart, Mario",5000.0,149471.44,0.0,0.0,0.0,154471.44,0.0,0.0,1,0
D000616,"DesJarlais, Scott",0.0,0.0,0.0,0.0,0.0,0.0,0.0,0.0,0,0
D000617,"DelBene, Suzan K.",5000.0,38824.08,0.0,0.0,0.0,43824.08,0.0,0.0,1,0
D000618,"Daines, Steve",0.0,165794.14,0.0,0.0,0.0,165794.14,0.0,0.0,1,0
D000622,"Duckworth, Tammy",0.0,0.0,0.0,0.0,0.0,0.0,0.0,0.0,0,0
D000623,"DeSaulnier, Mark",0.0,0.0,0.0,0.0,0.0,0.0,0.0,0.0,0,0
D000624,"Dingell, Debbie",0.0,0.0,0.0,0.0,0.0,0.0,0.0,0.0,0,0
D000626,"Davidson, Warren",0.0,0.0,0.0,0.0,0.0,0.0,0.0,0.0,0,0
D000628,"Dunn, Neal P.",0.0,1172.42,0.0,0.0,0.0,1172.42,0.0,0.0,1,0
D000629,"Davids, Sharice",0.0,0.0,0.0,0.0,0.0,0.0,0.0,0.0,0,0
D000631,"Dean, Madeleine",0.0,0.0,0.0,0.0,0.0,0.0,0.0,0.0,0,0
D000634,"Downing, Troy",0.0,0.0,0.0,0.0,0.0,0.0,0.0,0.0,0,0
D000635,"Dexter, Maxine",0.0,0.0,0.0,0.0,0.0,0.0,0.0,0.0,0,0
E000071,"Ellzey, Jake",0.0,1123.42,0.0,0.0,0.0,1123.42,0.0,0.0,1,0
E000235,"Ezell, Mike",0.0,513.44,0.0,0.0,0.0,513.44,0.0,0.0,1,0
E000246,"Edwards, Chuck",0.0,522.44,0.0,0.0,0.0,522.44,0.0,0.0,1,0
E000294,"Emmer, Tom",1000.0,106872.44,0.0,0.0,0.0,107872.44,0.0,0.0,1,0
E000295,"Ernst, Joni",0.0,234627.76,0.0,0.0,0.0,234627.76,0.0,0.0,1,0
E000296,"Evans, Dwight",0.0,0.0,0.0,0.0,0.0,0.0,0.0,0.0,0,0
E000297,"Espaillat, Adriano",5000.0,97171.44,0.0,0.0,0.0,102171.44,0.0,0.0,1,0
E000298,"Estes, Ron",10000.0,12762.42,0.0,0.0,0.0,22762.42,0.0,0.0,1,0
E000299,"Escobar, Veronica",0.0,0.0,0.0,0.0,0.0,0.0,0.0,0.0,0,0
E000300,"Evans, Gabe",0.0,7271.0,0.0,0.0,0.0,7271.0,0.0,0.0,1,0
E000301,"Elfreth, Sarah",0.0,0.0,0.0,0.0,0.0,0.0,0.0,0.0,0,0
F000110,"Fields, Cleo",0.0,0.0,0.0,0.0,0.0,0.0,0.0,0.0,0,0
F000246,"Fallon, Pat",5000.0,9613.42,0.0,0.0,0.0,14613.42,0.0,0.0,1,0
F000446,"Feenstra, Randy",0.0,9.44,0.0,0.0,0.0,9.44,0.0,0.0,1,0
F000450,"Foxx, Virginia",0.0,8022.43,0.0,0.0,0.0,8022.43,0.0,0.0,1,0
F000454,"Foster, Bill",0.0,0.0,0.0,0.0,0.0,0.0,0.0,0.0,0,0
F000459,"Fleischmann, Charles J. ""Chuck""",0.0,0.0,0.0,0.0,0.0,0.0,0.0,0.0,0,0
F000462,"Frankel, Lois",5000.0,133209.43,0.0,0.0,0.0,138209.43,0.0,0.0,1,0
F000463,"Fischer, Deb",0.0,0.0,0.0,0.0,0.0,0.0,0.0,0.0,0,0
F000466,"Fitzpatrick, Brian K.",10000.0,163362.43,0.0,0.0,0.0,173362.43,0.0,0.0,1,0
F000468,"Fletcher, Lizzie",0.0,5771.43,0.0,0.0,0.0,5771.43,0.0,0.0,1,0
F000469,"Fulcher, Russ",0.0,513.43,0.0,0.0,0.0,513.43,0.0,0.0,1,0
F000470,"Fischbach, Michelle",1000.0,512.43,0.0,0.0,0.0,1512.4299999999998,0.0,0.0,1,0
F000471,"Fitzgerald, Scott",0.0,22.43,0.0,0.0,0.0,22.43,0.0,0.0,1,0
F000472,"Franklin, Scott",0.0,563.43,0.0,0.0,0.0,563.43,0.0,0.0,1,0
F000474,"Flood, Mike",0.0,2112.43,0.0,0.0,0.0,2112.43,0.0,0.0,1,0
F000475,"Finstad, Brad",5000.0,15562.43,0.0,0.0,0.0,20562.43,0.0,0.0,1,0
F000476,"Frost, Maxwell",0.0,0.0,0.0,0.0,0.0,0.0,0.0,0.0,0,0
F000477,"Foushee, Valerie P.",0.0,0.0,0.0,0.0,0.0,0.0,0.0,0.0,0,0
F000478,"Fry, Russell",0.0,523.43,0.0,0.0,0.0,523.43,0.0,0.0,1,0
F000479,"Fetterman, John",0.0,0.0,0.0,0.0,0.0,0.0,0.0,0.0,0,0
F000480,"Fong, Vince",0.0,0.0,0.0,0.0,0.0,0.0,0.0,0.0,0,0
F000481,"Figures, Shomari",0.0,500.0,0.0,0.0,0.0,500.0,0.0,0.0,1,0
F000482,"Fedorchak, Julie",0.0,0.0,0.0,0.0,0.0,0.0,0.0,0.0,0,0
F000483,"Friedman, Laura",0.0,0.0,0.0,0.0,0.0,0.0,0.0,0.0,0,0
F000484,"Fine, Randy",5000.0,306793.0,0.0,0.0,0.0,311793.0,0.0,0.0,1,0
G000359,"Graham, Lindsey",5000.0,299802.78,0.0,0.0,0.0,304802.78,0.0,0.0,1,0
G000386,"Grassley, Chuck",0.0,0.0,0.0,0.0,0.0,0.0,0.0,0.0,0,0
G000546,"Graves, Sam",5000.0,10165.43,0.0,0.0,0.0,15165.43,0.0,0.0,1,0
G000553,"Green, Al",0.0,0.0,0.0,0.0,0.0,0.0,0.0,0.0,0,0
G000555,"Gillibrand, Kirsten E.",0.0,0.0,0.0,0.0,0.0,0.0,0.0,0.0,0,0
G000558,"Guthrie, Brett",0.0,114.42,0.0,0.0,0.0,114.42,0.0,0.0,1,0
G000559,"Garamendi, John",0.0,0.0,0.0,0.0,0.0,0.0,0.0,0.0,0,0
G000565,"Gosar, Paul A.",0.0,0.0,0.0,0.0,0.0,0.0,0.0,0.0,0,0
G000568,"Griffith, H. Morgan",0.0,0.0,0.0,0.0,0.0,0.0,0.0,0.0,0,0
G000574,"Gallego, Ruben",0.0,0.0,0.0,0.0,0.0,0.0,0.0,0.0,0,0
G000576,"Grothman, Glenn",0.0,513.42,0.0,0.0,0.0,513.42,0.0,0.0,1,0
G000581,"Gonzalez, Vicente",0.0,27012.43,0.0,0.0,0.0,27012.43,0.0,0.0,1,0
G000583,"Gottheimer, Josh",0.0,9840.43,0.0,0.0,0.0,9840.43,0.0,0.0,1,0
G000585,"Gomez, Jimmy",0.0,262.43,0.0,0.0,0.0,262.43,0.0,0.0,1,0
G000586,"García, Jesús G. ""Chuy""",0.0,0.0,0.0,0.0,0.0,0.0,0.0,0.0,0,0
G000587,"Garcia, Sylvia R.",0.0,0.0,0.0,0.0,0.0,0.0,0.0,0.0,0,0
G000589,"Gooden, Lance",0.0,4562.43,0.0,0.0,0.0,4562.43,0.0,0.0,1,0
G000591,"Guest, Michael",0.0,13.44,0.0,0.0,0.0,13.44,0.0,0.0,1,0
G000592,"Golden, Jared F.",5000.0,156062.43,0.0,0.0,0.0,161062.43,0.0,0.0,1,0
G000593,"Gimenez, Carlos A.",0.0,613.4300000000001,0.0,0.0,0.0,613.4300000000001,0.0,0.0,1,0
G000594,"Gonzales, Tony",5000.0,197887.43,0.0,0.0,0.0,202887.43,0.0,0.0,1,0
G000596,"Greene, Marjorie Taylor",0.0,0.0,0.0,0.0,0.0,0.0,0.0,0.0,0,0
G000597,"Garbarino, Andrew R.",0.0,28613.43,0.0,0.0,0.0,28613.43,0.0,0.0,1,0
G000598,"Garcia, Robert",0.0,0.0,0.0,0.0,0.0,0.0,0.0,0.0,0,0
G000599,"Goldman, Daniel S.",0.0,80992.43,0.0,0.0,0.0,80992.43,0.0,0.0,1,0
G000600,"Perez, Marie Gluesenkamp",0.0,2010.0,0.0,0.0,0.0,2010.0,0.0,0.0,1,0
G000601,"Goldman, Craig A.",0.0,11001.0,0.0,0.0,0.0,11001.0,0.0,0.0,1,0
G000602,"Gillen, Laura",0.0,35670.0,0.0,0.0,0.0,35670.0,0.0,0.0,1,0
G000603,"Gill, Brandon",0.0,5501.0,0.0,0.0,0.0,5501.0,0.0,0.0,1,0
G000604,"Goodlander, Maggie",0.0,0.0,0.0,0.0,0.0,0.0,0.0,0.0,0,0
G000605,"Gray, Adam",0.0,0.0,0.0,0.0,0.0,0.0,0.0,0.0,0,0
H000273,"Hickenlooper, John W.",0.0,109366.77,0.0,0.0,0.0,109366.77,0.0,0.0,1,0
H000601,"Hagerty, Bill",0.0,27217.77,0.0,0.0,0.0,27217.77,0.0,0.0,1,0
H000874,"Hoyer, Steny H.",0.0,13.43,0.0,0.0,0.0,13.43,0.0,0.0,1,0
H001042,"Hirono, Mazie K.",0.0,0.0,0.0,0.0,0.0,0.0,0.0,0.0,0,0
H001046,"Heinrich, Martin",0.0,0.0,0.0,0.0,0.0,0.0,0.0,0.0,0,0
H001047,"Himes, James A.",0.0,0.0,0.0,0.0,0.0,0.0,0.0,0.0,0,0
H001052,"Harris, Andy",0.0,0.0,0.0,0.0,0.0,0.0,0.0,0.0,0,0
H001058,"Huizenga, Bill",0.0,13.43,0.0,0.0,0.0,13.43,0.0,0.0,1,0
H001061,"Hoeven, John",0.0,0.0,0.0,0.0,0.0,0.0,0.0,0.0,0,0
H001066,"Horsford, Steven",5000.0,523.44,0.0,0.0,0.0,5523.4400000000005,0.0,0.0,1,0
H001067,"Hudson, Richard",0.0,513.42,0.0,0.0,0.0,513.42,0.0,0.0,1,0
H001068,"Huffman, Jared",0.0,0.0,0.0,0.0,0.0,0.0,0.0,0.0,0,0
H001072,"Hill, J. French",0.0,0.0,0.0,0.0,0.0,0.0,0.0,0.0,0,0
H001076,"Hassan, Margaret Wood",0.0,0.0,0.0,0.0,0.0,0.0,0.0,0.0,0,0
H001077,"Higgins, Clay",0.0,0.0,0.0,0.0,0.0,0.0,0.0,0.0,0,0
H001079,"Hyde-Smith, Cindy",0.0,73267.78,0.0,0.0,0.0,73267.78,0.0,0.0,1,0
H001081,"Hayes, Jahana",0.0,0.0,0.0,0.0,0.0,0.0,0.0,0.0,0,0
H001082,"Hern, Kevin",0.0,513.44,0.0,0.0,0.0,513.44,0.0,0.0,1,0
H001085,"Houlahan, Chrissy",0.0,0.0,0.0,0.0,0.0,0.0,0.0,0.0,0,0
H001086,"Harshbarger, Diana",3000.0,32.55,0.0,0.0,0.0,3032.55,0.0,0.0,1,0
H001089,"Hawley, Josh",0.0,0.0,0.0,0.0,0.0,0.0,0.0,0.0,0,0
H001090,"Harder, Josh",0.0,162.44,0.0,0.0,0.0,162.44,0.0,0.0,1,0
H001091,"Hinson, Ashley",0.0,32340.42,0.0,0.0,0.0,32340.42,0.0,0.0,1,0
H001093,"Houchin, Erin",0.0,23.42,0.0,0.0,0.0,23.42,0.0,0.0,1,0
H001094,"Hoyle, Val T.",0.0,0.0,0.0,0.0,0.0,0.0,0.0,0.0,0,0
H001095,"Hunt, Wesley",0.0,9129.42,0.0,0.0,0.0,9129.42,0.0,0.0,1,0
H001096,"Hageman, Harriet M.",0.0,23.439999999999998,0.0,0.0,0.0,23.439999999999998,0.0,0.0,1,0
H001098,"Hamadeh, Abraham J.",0.0,0.0,0.0,0.0,0.0,0.0,0.0,0.0,0,0
H001099,"Haridopolos, Mike",0.0,1.0,0.0,0.0,0.0,1.0,0.0,0.0,1,0
H001100,"Hurd, Jeff",0.0,14500.0,0.0,0.0,0.0,14500.0,0.0,0.0,1,0
H001101,"Harrigan, Pat",5000.0,15001.0,0.0,0.0,0.0,20001.0,0.0,0.0,1,0
H001102,"Harris, Mark",0.0,0.0,0.0,0.0,0.0,0.0,0.0,0.0,0,0
H001103,"Hernández, Pablo Jose",0.0,0.0,0.0,0.0,0.0,0.0,0.0,0.0,0,0
H001104,"Husted, Jon",0.0,0.0,0.0,0.0,0.0,0.0,0.0,0.0,0,0
I000056,"Issa, Darrell",5000.0,15763.42,0.0,0.0,0.0,20763.42,0.0,0.0,1,0
I000058,"Ivey, Glenn",0.0,22.43,0.0,0.0,0.0,22.43,0.0,0.0,1,0
J000288,"Johnson, Henry C. ""Hank""",0.0,0.0,0.0,0.0,0.0,0.0,0.0,0.0,0,0
J000289,"Jordan, Jim",0.0,26278.43,0.0,0.0,0.0,26278.43,0.0,0.0,1,0
J000293,"Johnson, Ron",0.0,0.0,0.0,0.0,0.0,0.0,0.0,0.0,0,0
J000294,"Jeffries, Hakeem S.",0.0,264713.42,0.0,0.0,0.0,264713.42,0.0,0.0,1,0
J000295,"Joyce, David P.",0.0,0.0,0.0,0.0,0.0,0.0,0.0,0.0,0,0
J000298,"Jayapal, Pramila",0.0,0.0,0.0,0.0,0.0,0.0,0.0,0.0,0,0
J000299,"Johnson, Mike",0.0,373461.42,0.0,0.0,0.0,373461.42,0.0,0.0,1,0
J000301,"Johnson, Dusty",0.0,10.44,0.0,0.0,0.0,10.44,0.0,0.0,1,0
J000302,"Joyce, John",0.0,0.0,0.0,0.0,0.0,0.0,0.0,0.0,0,0
J000304,"Jackson, Ronny",0.0,12263.42,0.0,0.0,0.0,12263.42,0.0,0.0,1,0
J000305,"Jacobs, Sara",0.0,0.0,0.0,0.0,0.0,0.0,0.0,0.0,0,0
J000307,"James, John",0.0,9.44,0.0,0.0,0.0,9.44,0.0,0.0,1,0
J000309,"Jackson, Jonathan L.",0.0,0.0,0.0,0.0,0.0,0.0,0.0,0.0,0,0
J000310,"Johnson, Julie",0.0,0.0,0.0,0.0,0.0,0.0,0.0,0.0,0,0
J000311,"Jack, Brian",10000.0,50001.0,0.0,0.0,0.0,60001.0,0.0,0.0,1,0
J000312,"Justice, James C.",0.0,0.0,0.0,0.0,0.0,0.0,0.0,0.0,0,0
K000009,"Kaptur, Marcy",0.0,0.0,0.0,0.0,0.0,0.0,0.0,0.0,0,0
K000367,"Klobuchar, Amy",0.0,0.0,0.0,0.0,0.0,0.0,0.0,0.0,0,0
K000375,"Keating, William R.",0.0,262.42,0.0,0.0,0.0,262.42,0.0,0.0,1,0
K000376,"Kelly, Mike",0.0,273.43,0.0,0.0,0.0,273.43,0.0,0.0,1,0
K000377,"Kelly, Mark",0.0,0.0,0.0,0.0,0.0,0.0,0.0,0.0,0,0
K000383,"King, Angus S., Jr.",0.0,0.0,0.0,0.0,0.0,0.0,0.0,0.0,0,0
K000384,"Kaine, Tim",0.0,0.0,0.0,0.0,0.0,0.0,0.0,0.0,0,0
K000385,"Kelly, Robin L.",0.0,7009.43,0.0,0.0,0.0,7009.43,0.0,0.0,1,0
K000388,"Kelly, Trent",0.0,13.43,0.0,0.0,0.0,13.43,0.0,0.0,1,0
K000389,"Khanna, Ro",0.0,0.0,0.0,0.0,0.0,0.0,0.0,0.0,0,0
K000391,"Krishnamoorthi, Raja",0.0,64009.44,0.0,0.0,0.0,64009.44,0.0,0.0,1,0
K000392,"Kustoff, David",5000.0,36093.42,0.0,0.0,0.0,41093.42,0.0,0.0,1,0
K000393,"Kennedy, John",0.0,0.0,0.0,0.0,0.0,0.0,0.0,0.0,0,0
K000394,"Kim, Andy",0.0,0.0,0.0,0.0,0.0,0.0,0.0,0.0,0,0
K000397,"Kim, Young",5000.0,78639.42,0.0,0.0,0.0,83639.42,0.0,0.0,1,0
K000398,"Kean, Thomas H.",15000.0,164853.43,0.0,0.0,0.0,179853.43,0.0,0.0,1,0
K000399,"Kiggans, Jennifer A.",0.0,3533.42,0.0,0.0,0.0,3533.42,0.0,0.0,1,0
K000400,"Kamlager-Dove, Sydney",0.0,0.0,0.0,0.0,0.0,0.0,0.0,0.0,0,0
K000401,"Kiley, Kevin",5000.0,27893.43,0.0,0.0,0.0,32893.43,0.0,0.0,1,0
K000402,"Kennedy, Timothy M.",0.0,0.0,0.0,0.0,0.0,0.0,0.0,0.0,0,0
K000403,"Kennedy, Mike",0.0,250.0,0.0,0.0,0.0,250.0,0.0,0.0,1,0
K000404,"King-Hinds, Kimberlyn",0.0,0.0,0.0,0.0,0.0,0.0,0.0,0.0,0,0
K000405,"Knott, Brad",0.0,1000.0,0.0,0.0,0.0,1000.0,0.0,0.0,1,0
L000273,"Leger Fernandez, Teresa",0.0,0.0,0.0,0.0,0.0,0.0,0.0,0.0,0,0
L000397,"Lofgren, Zoe",0.0,0.0,0.0,0.0,0.0,0.0,0.0,0.0,0,0
L000491,"Lucas, Frank D.",0.0,0.0,0.0,0.0,0.0,0.0,0.0,0.0,0,0
L000557,"Larson, John B.",0.0,12.42,0.0,0.0,0.0,12.42,0.0,0.0,1,0
L000560,"Larsen, Rick",0.0,0.0,0.0,0.0,0.0,0.0,0.0,0.0,0,0
L000562,"Lynch, Stephen F.",0.0,0.0,0.0,0.0,0.0,0.0,0.0,0.0,0,0
L000566,"Latta, Robert E.",0.0,13.43,0.0,0.0,0.0,13.43,0.0,0.0,1,0
L000570,"Luján, Ben Ray",0.0,0.0,0.0,0.0,0.0,0.0,0.0,0.0,0,0
L000571,"Lummis, Cynthia M.",0.0,4017.7799999999997,0.0,0.0,0.0,4017.7799999999997,0.0,0.0,1,0
L000575,"Lankford, James",0.0,0.0,0.0,0.0,0.0,0.0,0.0,0.0,0,0
L000577,"Lee, Mike",0.0,0.0,0.0,0.0,0.0,0.0,0.0,0.0,0,0
L000578,"LaMalfa, Doug",0.0,513.43,0.0,0.0,0.0,513.43,0.0,0.0,1,0
L000582,"Lieu, Ted",5000.0,231903.43,0.0,0.0,0.0,236903.43,0.0,0.0,1,0
L000583,"Loudermilk, Barry",0.0,16013.42,0.0,0.0,0.0,16013.42,0.0,0.0,1,0
L000585,"LaHood, Darin",5000.0,31163.43,0.0,0.0,0.0,36163.43,0.0,0.0,1,0
L000590,"Lee, Susie",0.0,157471.41999999998,0.0,0.0,0.0,157471.41999999998,0.0,0.0,1,0
L000593,"Levin, Mike",0.0,68262.42,0.0,0.0,0.0,68262.42,0.0,0.0,1,0
L000595,"Letlow, Julia",0.0,3023.43,0.0,0.0,0.0,3023.43,0.0,0.0,1,0
L000596,"Luna, Anna Paulina",0.0,693.4200000000001,0.0,0.0,0.0,693.4200000000001,0.0,0.0,1,0
L000597,"Lee, Laurel M.",0.0,1123.43,0.0,0.0,0.0,1123.43,0.0,0.0,1,0
L000598,"LaLota, Nick",5000.0,22513.42,0.0,0.0,0.0,27513.42,0.0,0.0,1,0
L000599,"Lawler, Michael",10000.0,292627.42,0.0,0.0,0.0,302627.42,0.0,0.0,1,0
L000600,"Langworthy, Nicholas A.",0.0,513.43,0.0,0.0,0.0,513.43,0.0,0.0,1,0
L000601,"Landsman, Greg",5000.0,261104.41999999998,0.0,0.0,0.0,266104.42,0.0,0.0,1,0
L000602,"Lee, Summer L.",0.0,0.0,0.0,0.0,0.0,0.0,0.0,0.0,0,0
L000603,"Luttrell, Morgan",0.0,513.43,0.0,0.0,0.0,513.43,0.0,0.0,1,0
L000606,"Latimer, George",0.0,2500.0,0.0,0.0,0.0,2500.0,0.0,0.0,1,0
L000607,"Liccardo, Sam T.",0.0,0.0,0.0,0.0,0.0,0.0,0.0,0.0,0,0
M000133,"Markey, Edward J.",0.0,0.0,0.0,0.0,0.0,0.0,0.0,0.0,0,0
M000194,"Mace, Nancy",0.0,523.42,0.0,0.0,0.0,523.42,0.0,0.0,1,0
M000312,"McGovern, James P.",0.0,0.0,0.0,0.0,0.0,0.0,0.0,0.0,0,0
M000317,"Malliotakis, Nicole",0.0,7773.42,0.0,0.0,0.0,7773.42,0.0,0.0,1,0
M000355,"McConnell, Mitch",0.0,0.0,0.0,0.0,0.0,0.0,0.0,0.0,0,0
M000687,"Mfume, Kweisi",0.0,0.0,0.0,0.0,0.0,0.0,0.0,0.0,0,0
M000871,"Mann, Tracey",0.0,1013.42,0.0,0.0,0.0,1013.42,0.0,0.0,1,0
M000934,"Moran, Jerry",0.0,0.0,0.0,0.0,0.0,0.0,0.0,0.0,0,0
M001111,"Murray, Patty",0.0,0.0,0.0,0.0,0.0,0.0,0.0,0.0,0,0
M001136,"McClain, Lisa C.",0.0,39023.43,0.0,0.0,0.0,39023.43,0.0,0.0,1,0
M001137,"Meeks, Gregory W.",5000.0,71523.42,0.0,0.0,0.0,76523.42,0.0,0.0,1,0
M001143,"McCollum, Betty",0.0,0.0,0.0,0.0,0.0,0.0,0.0,0.0,0,0
M001153,"Murkowski, Lisa",0.0,0.0,0.0,0.0,0.0,0.0,0.0,0.0,0,0
M001157,"McCaul, Michael T.",0.0,3523.42,0.0,0.0,0.0,3523.42,0.0,0.0,1,0
M001160,"Moore, Gwen",0.0,0.0,0.0,0.0,0.0,0.0,0.0,0.0,0,0
M001163,"Matsui, Doris O.",0.0,0.0,0.0,0.0,0.0,0.0,0.0,0.0,0,0
M001169,"Murphy, Christopher",0.0,0.0,0.0,0.0,0.0,0.0,0.0,0.0,0,0
M001176,"Merkley, Jeff",0.0,0.0,0.0,0.0,0.0,0.0,0.0,0.0,0,0
M001177,"McClintock, Tom",0.0,13.42,0.0,0.0,0.0,13.42,0.0,0.0,1,0
M001184,"Massie, Thomas",0.0,0.0,0.0,0.0,0.0,0.0,0.0,0.0,0,0
M001188,"Meng, Grace",5000.0,98555.42,0.0,0.0,0.0,103555.42,0.0,0.0,1,0
M001190,"Mullin, Markwayne",0.0,50037.2,0.0,0.0,0.0,50037.2,0.0,0.0,1,0
M001194,"Moolenaar, John R.",1000.0,1513.42,0.0,0.0,0.0,2513.42,0.0,0.0,1,0
M001196,"Moulton, Seth",5000.0,29298.42,0.0,0.0,0.0,34298.42,0.0,0.0,1,0
M001198,"Marshall, Roger",0.0,517.78,0.0,0.0,0.0,517.78,0.0,0.0,1,0
M001199,"Mast, Brian J.",5000.0,310452.42,0.0,0.0,0.0,315452.42,0.0,0.0,1,0
M001204,"Meuser, Daniel",5000.0,15513.43,0.0,0.0,0.0,20513.43,0.0,0.0,1,0
M001205,"Miller, Carol D.",0.0,13.42,0.0,0.0,0.0,13.42,0.0,0.0,1,0
M001206,"Morelle, Joseph D.",0.0,24012.42,0.0,0.0,0.0,24012.42,0.0,0.0,1,0
M001208,"McBath, Lucy",5000.0,41023.43,0.0,0.0,0.0,46023.43,0.0,0.0,1,0
M001210,"Murphy, Gregory F.",10000.0,27376.43,0.0,0.0,0.0,37376.43,0.0,0.0,1,0
M001211,"Miller, Mary E.",0.0,23.43,0.0,0.0,0.0,23.43,0.0,0.0,1,0
M001212,"Moore, Barry",0.0,513.43,0.0,0.0,0.0,513.43,0.0,0.0,1,0
M001213,"Moore, Blake D.",0.0,13.42,0.0,0.0,0.0,13.42,0.0,0.0,1,0
M001214,"Mrvan, Frank J.",0.0,1862.4299999999998,0.0,0.0,0.0,1862.4299999999998,0.0,0.0,1,0
M001215,"Miller-Meeks, Mariannette",0.0,33.43,0.0,0.0,0.0,33.43,0.0,0.0,1,0
M001216,"Mills, Cory",0.0,0.0,0.0,0.0,0.0,0.0,0.0,0.0,0,0
M001217,"Moskowitz, Jared",10000.0,246822.43,0.0,0.0,0.0,256822.43,0.0,0.0,1,0
M001218,"McCormick, Richard",0.0,16263.43,0.0,0.0,0.0,16263.43,0.0,0.0,1,0
M001219,"Moylan, James C.",0.0,0.0,0.0,0.0,0.0,0.0,0.0,0.0,0,0
M001220,"McGarvey, Morgan",0.0,0.0,0.0,0.0,0.0,0.0,0.0,0.0,0,0
M001222,"Miller, Max L.",0.0,77923.42,0.0,0.0,0.0,77923.42,0.0,0.0,1,0
M001223,"Magaziner, Seth",0.0,512.43,0.0,0.0,0.0,512.43,0.0,0.0,1,0
M001224,"Moran, Nathaniel",0.0,3013.43,0.0,0.0,0.0,3013.43,0.0,0.0,1,0
M001225,"Mullin, Kevin",0.0,0.0,0.0,0.0,0.0,0.0,0.0,0.0,0,0
M001226,"Menendez, Robert",5000.0,128130.43,0.0,0.0,0.0,133130.43,0.0,0.0,1,0
M001227,"McClellan, Jennifer L.",0.0,0.0,0.0,0.0,0.0,0.0,0.0,0.0,0,0
M001228,"Maloy, Celeste",0.0,513.43,0.0,0.0,0.0,513.43,0.0,0.0,1,0
M001229,"McIver, LaMonica",0.0,0.0,0.0,0.0,0.0,0.0,0.0,0.0,0,0
M001230,"Mackenzie, Ryan",0.0,0.0,0.0,0.0,0.0,0.0,0.0,0.0,0,0
M001231,"Mannion, John W.",0.0,0.0,0.0,0.0,0.0,0.0,0.0,0.0,0,0
M001232,"McClain Delaney, April",0.0,10.0,0.0,0.0,0.0,10.0,0.0,0.0,1,0
M001233,"Messmer, Mark B.",0.0,0.0,0.0,0.0,0.0,0.0,0.0,0.0,0,0
M001234,"Morrison, Kelly",0.0,0.0,0.0,0.0,0.0,0.0,0.0,0.0,0,0
M001235,"Moore, Riley M.",0.0,0.0,0.0,0.0,0.0,0.0,0.0,0.0,0,0
M001236,"Moore, Tim",0.0,1.0,0.0,0.0,0.0,1.0,0.0,0.0,1,0
M001237,"McDonald Rivet, Kristen",0.0,0.0,0.0,0.0,0.0,0.0,0.0,0.0,0,0
M001238,"McBride, Sarah",0.0,0.0,0.0,0.0,0.0,0.0,0.0,0.0,0,0
M001239,"McGuire, John J.",0.0,1.0,0.0,0.0,0.0,1.0,0.0,0.0,1,0
M001240,"McDowell, Addison P.",0.0,1.0,0.0,0.0,0.0,1.0,0.0,0.0,1,0
M001241,"Min, Dave",0.0,0.0,0.0,0.0,0.0,0.0,0.0,0.0,0,0
M001242,"Moreno, Bernie",0.0,0.0,0.0,0.0,0.0,0.0,0.0,0.0,0,0
M001243,"McCormick, David",0.0,0.0,0.0,0.0,0.0,0.0,0.0,0.0,0,0
M001244,"Moody, Ashley",0.0,0.0,0.0,0.0,0.0,0.0,0.0,0.0,0,0
N000002,"Nadler, Jerrold",0.0,0.0,0.0,0.0,0.0,0.0,0.0,0.0,0,0
N000015,"Neal, Richard E.",0.0,648.4200000000001,0.0,0.0,0.0,648.4200000000001,0.0,0.0,1,0
N000026,"Nehls, Troy E.",0.0,0.0,0.0,0.0,0.0,0.0,0.0,0.0,0,0
N000147,"Norton, Eleanor Holmes",0.0,0.0,0.0,0.0,0.0,0.0,0.0,0.0,0,0
N000188,"Norcross, Donald",5000.0,53802.43,0.0,0.0,0.0,58802.43,0.0,0.0,1,0
N000189,"Newhouse, Dan",0.0,45.08,0.0,0.0,0.0,45.08,0.0,0.0,1,0
N000190,"Norman, Ralph",0.0,0.0,0.0,0.0,0.0,0.0,0.0,0.0,0,0
N000191,"Neguse, Joe",10000.0,86126.43,0.0,0.0,0.0,96126.43,0.0,0.0,1,0
N000193,"Nunn, Zachary",0.0,3773.42,0.0,0.0,0.0,3773.42,0.0,0.0,1,0
O000019,"Obernolte, Jay",0.0,1018.43,0.0,0.0,0.0,1018.43,0.0,0.0,1,0
O000086,"Owens, Burgess",0.0,23.43,0.0,0.0,0.0,23.43,0.0,0.0,1,0
O000172,"Ocasio-Cortez, Alexandria",0.0,0.0,0.0,0.0,0.0,0.0,0.0,0.0,0,0
O000173,"Omar, Ilhan",0.0,0.0,0.0,0.0,0.0,0.0,0.0,0.0,0,0
O000174,"Ossoff, Jon",0.0,0.0,0.0,0.0,0.0,0.0,0.0,0.0,0,0
O000175,"Ogles, Andrew",0.0,13.42,0.0,0.0,0.0,13.42,0.0,0.0,1,0
O000176,"Olszewski, Johnny",0.0,0.0,0.0,0.0,0.0,0.0,0.0,0.0,0,0
O000177,"Onder, Robert F.",0.0,0.0,0.0,0.0,0.0,0.0,0.0,0.0,0,0
P000034,"Pallone, Frank",5000.0,27882.42,0.0,0.0,0.0,32882.42,0.0,0.0,1,0
P000048,"Pfluger, August",0.0,35263.42,0.0,0.0,0.0,35263.42,0.0,0.0,1,0
P000145,"Padilla, Alex",0.0,0.0,0.0,0.0,0.0,0.0,0.0,0.0,0,0
P000197,"Pelosi, Nancy",0.0,29.5,0.0,0.0,0.0,29.5,0.0,0.0,1,0
P000595,"Peters, Gary C.",0.0,0.0,0.0,0.0,0.0,0.0,0.0,0.0,0,0
P000597,"Pingree, Chellie",0.0,0.0,0.0,0.0,0.0,0.0,0.0,0.0,0,0
P000603,"Paul, Rand",0.0,0.0,0.0,0.0,0.0,0.0,0.0,0.0,0,0
P000605,"Perry, Scott",0.0,0.0,0.0,0.0,0.0,0.0,0.0,0.0,0,0
P000607,"Pocan, Mark",0.0,0.0,0.0,0.0,0.0,0.0,0.0,0.0,0,0
P000608,"Peters, Scott H.",0.0,0.0,0.0,0.0,0.0,0.0,0.0,0.0,0,0
P000609,"Palmer, Gary J.",0.0,513.43,0.0,0.0,0.0,513.43,0.0,0.0,1,0
P000610,"Plaskett, Stacey E.",0.0,0.0,0.0,0.0,0.0,0.0,0.0,0.0,0,0
P000613,"Panetta, Jimmy",5000.0,91812.42,0.0,0.0,0.0,96812.42,0.0,0.0,1,0
P000614,"Pappas, Chris",10000.0,227279.44,0.0,0.0,0.0,237279.44,0.0,0.0,1,0
P000617,"Pressley, Ayanna",0.0,0.0,0.0,0.0,0.0,0.0,0.0,0.0,0,0
P000620,"Pettersen, Brittany",1000.0,22.43,0.0,0.0,0.0,1022.43,0.0,0.0,1,0
P000621,"Pou, Nellie",0.0,0.0,0.0,0.0,0.0,0.0,0.0,0.0,0,0
P000622,"Patronis, Jimmy",10000.0,13500.0,0.0,0.0,0.0,23500.0,0.0,0.0,1,0
Q000023,"Quigley, Mike",0.0,1012.43,0.0,0.0,0.0,1012.43,0.0,0.0,1,0
R000122,"Reed, Jack",0.0,16.77,0.0,0.0,0.0,16.77,0.0,0.0,1,0
R000305,"Ross, Deborah K.",0.0,0.0,0.0,0.0,0.0,0.0,0.0,0.0,0,0
R000395,"Rogers, Harold",0.0,0.0,0.0,0.0,0.0,0.0,0.0,0.0,0,0
R000575,"Rogers, Mike D.",5000.0,250713.41999999998,0.0,0.0,0.0,255713.41999999998,0.0,0.0,1,0
R000579,"Ryan, Patrick",0.0,59411.42,0.0,0.0,0.0,59411.42,0.0,0.0,1,0
R000584,"Risch, James E.",5000.0,321234.56,0.0,0.0,0.0,326234.56,0.0,0.0,1,0
R000599,"Ruiz, Raul",0.0,3522.42,0.0,0.0,0.0,3522.42,0.0,0.0,1,0
R000600,"Radewagen, Aumua Amata Coleman",0.0,0.0,0.0,0.0,0.0,0.0,0.0,0.0,0,0
R000603,"Rouzer, David",0.0,513.43,0.0,0.0,0.0,513.43,0.0,0.0,1,0
R000605,"Rounds, Mike",5000.0,107684.77,0.0,0.0,0.0,112684.77,0.0,0.0,1,0
R000606,"Raskin, Jamie",0.0,0.0,0.0,0.0,0.0,0.0,0.0,0.0,0,0
R000608,"Rosen, Jacky",0.0,0.0,0.0,0.0,0.0,0.0,0.0,0.0,0,0
R000609,"Rutherford, John H.",1000.0,613.4300000000001,0.0,0.0,0.0,1613.43,0.0,0.0,1,0
R000610,"Reschenthaler, Guy",15000.0,76773.43,0.0,0.0,0.0,91773.43,0.0,0.0,1,0
R000612,"Rose, John W.",0.0,9.44,0.0,0.0,0.0,9.44,0.0,0.0,1,0
R000614,"Roy, Chip",0.0,0.0,0.0,0.0,0.0,0.0,0.0,0.0,0,0
R000617,"Ramirez, Delia C.",0.0,0.0,0.0,0.0,0.0,0.0,0.0,0.0,0,0
R000618,"Ricketts, Pete",0.0,50517.770000000004,0.0,0.0,0.0,50517.770000000004,0.0,0.0,1,0
R000619,"Rulli, Michael A.",0.0,0.0,0.0,0.0,0.0,0.0,0.0,0.0,0,0
R000620,"Rivas, Luz M.",0.0,10000.0,0.0,0.0,0.0,10000.0,0.0,0.0,1,0
R000621,"Randall, Emily",0.0,0.0,0.0,0.0,0.0,0.0,0.0,0.0,0,0
R000622,"Riley, Josh",0.0,1500.0,0.0,0.0,0.0,1500.0,0.0,0.0,1,0
S000033,"Sanders, Bernard",0.0,0.0,0.0,0.0,0.0,0.0,0.0,0.0,0,0
S000148,"Schumer, Charles E.",0.0,0.0,0.0,0.0,0.0,0.0,0.0,0.0,0,0
S000168,"Salazar, Maria Elvira",0.0,693.4300000000001,0.0,0.0,0.0,693.4300000000001,0.0,0.0,1,0
S000185,"Scott, Robert C. ""Bobby""",0.0,0.0,0.0,0.0,0.0,0.0,0.0,0.0,0,0
S000250,"Sessions, Pete",0.0,4014.42,0.0,0.0,0.0,4014.42,0.0,0.0,1,0
S000344,"Sherman, Brad",5000.0,122313.42,0.0,0.0,0.0,127313.42,0.0,0.0,1,0
S000510,"Smith, Adam",5000.0,20980.09,0.0,0.0,0.0,25980.09,0.0,0.0,1,0
S000522,"Smith, Christopher H.",0.0,44.42,0.0,0.0,0.0,44.42,0.0,0.0,1,0
S000929,"Spartz, Victoria",0.0,0.0,0.0,0.0,0.0,0.0,0.0,0.0,0,0
S001145,"Schakowsky, Janice D.",0.0,0.0,0.0,0.0,0.0,0.0,0.0,0.0,0,0
S001148,"Simpson, Michael K.",5000.0,15014.42,0.0,0.0,0.0,20014.42,0.0,0.0,1,0
S001150,"Schiff, Adam B.",0.0,0.0,0.0,0.0,0.0,0.0,0.0,0.0,0,0
S001156,"Sánchez, Linda T.",0.0,0.0,0.0,0.0,0.0,0.0,0.0,0.0,0,0
S001157,"Scott, David",5000.0,2022.42,0.0,0.0,0.0,7022.42,0.0,0.0,1,0
S001159,"Strickland, Marilyn",5000.0,55200.09,0.0,0.0,0.0,60200.09,0.0,0.0,1,0
S001172,"Smith, Adrian",0.0,114.42,0.0,0.0,0.0,114.42,0.0,0.0,1,0
S001176,"Scalise, Steve",0.0,88513.42,0.0,0.0,0.0,88513.42,0.0,0.0,1,0
S001181,"Shaheen, Jeanne",0.0,0.0,0.0,0.0,0.0,0.0,0.0,0.0,0,0
S001183,"Schweikert, David",0.0,28763.42,0.0,0.0,0.0,28763.42,0.0,0.0,1,0
S001184,"Scott, Tim",0.0,0.0,0.0,0.0,0.0,0.0,0.0,0.0,0,0
S001185,"Sewell, Terri A.",0.0,0.0,0.0,0.0,0.0,0.0,0.0,0.0,0,0
S001188,"Stutzman, Marlin A.",0.0,0.0,0.0,0.0,0.0,0.0,0.0,0.0,0,0
S001189,"Scott, Austin",2000.0,513.42,0.0,0.0,0.0,2513.42,0.0,0.0,1,0
S001190,"Schneider, Bradley Scott",5000.0,120612.43,0.0,0.0,0.0,125612.43,0.0,0.0,1,0
S001193,"Swalwell, Eric",0.0,13764.42,0.0,0.0,0.0,13764.42,0.0,0.0,1,0
S001194,"Schatz, Brian",0.0,0.0,0.0,0.0,0.0,0.0,0.0,0.0,0,0
S001195,"Smith, Jason",0.0,14.42,0.0,0.0,0.0,14.42,0.0,0.0,1,0
S001196,"Stefanik, Elise M.",5000.0,59587.99,0.0,0.0,0.0,64587.99,0.0,0.0,1,0
S001198,"Sullivan, Dan",0.0,312201.14,0.0,0.0,0.0,312201.14,0.0,0.0,1,0
S001199,"Smucker, Lloyd",0.0,524.42,0.0,0.0,0.0,524.42,0.0,0.0,1,0
S001200,"Soto, Darren",0.0,1513.42,0.0,0.0,0.0,1513.42,0.0,0.0,1,0
S001201,"Suozzi, Thomas R.",5000.0,105664.42,0.0,0.0,0.0,110664.42,0.0,0.0,1,0
S001203,"Smith, Tina",0.0,0.0,0.0,0.0,0.0,0.0,0.0,0.0,0,0
S001205,"Scanlon, Mary Gay",0.0,0.0,0.0,0.0,0.0,0.0,0.0,0.0,0,0
S001207,"Sherrill, Mikie",0.0,0.0,0.0,0.0,0.0,0.0,0.0,0.0,0,0
S001208,"Slotkin, Elissa",0.0,0.0,0.0,0.0,0.0,0.0,0.0,0.0,0,0
S001211,"Stanton, Greg",0.0,39913.42,0.0,0.0,0.0,39913.42,0.0,0.0,1,0
S001212,"Stauber, Pete",0.0,514.42,0.0,0.0,0.0,514.42,0.0,0.0,1,0
S001213,"Steil, Bryan",0.0,265.42,0.0,0.0,0.0,265.42,0.0,0.0,1,0
S001214,"Steube, W. Gregory",0.0,0.0,0.0,0.0,0.0,0.0,0.0,0.0,0,0
S001215,"Stevens, Haley M.",10000.0,333359.43,0.0,0.0,0.0,343359.43,0.0,0.0,1,0
S001216,"Schrier, Kim",0.0,6039.09,0.0,0.0,0.0,6039.09,0.0,0.0,1,0
S001217,"Scott, Rick",0.0,0.0,0.0,0.0,0.0,0.0,0.0,0.0,0,0
S001218,"Stansbury, Melanie A.",0.0,0.0,0.0,0.0,0.0,0.0,0.0,0.0,0,0
S001220,"Strong, Dale W.",0.0,514.42,0.0,0.0,0.0,514.42,0.0,0.0,1,0
S001221,"Scholten, Hillary J.",1000.0,956.42,0.0,0.0,0.0,1956.42,0.0,0.0,1,0
S001223,"Sykes, Emilia Strong",10000.0,48292.42,0.0,0.0,0.0,58292.42,0.0,0.0,1,0
S001224,"Self, Keith",1000.0,2514.42,0.0,0.0,0.0,3514.42,0.0,0.0,1,0
S001225,"Sorensen, Eric",0.0,3300.0,0.0,0.0,0.0,3300.0,0.0,0.0,1,0
S001226,"Salinas, Andrea",0.0,0.0,0.0,0.0,0.0,0.0,0.0,0.0,0,0
S001227,"Schmitt, Eric",0.0,0.0,0.0,0.0,0.0,0.0,0.0,0.0,0,0
S001228,"Schmidt, Derek",0.0,1.0,0.0,0.0,0.0,1.0,0.0,0.0,1,0
S001229,"Shreve, Jefferson",0.0,0.0,0.0,0.0,0.0,0.0,0.0,0.0,0,0
S001230,"Subramanyam, Suhas",0.0,0.0,0.0,0.0,0.0,0.0,0.0,0.0,0,0
S001231,"Simon, Lateefah",0.0,0.0,0.0,0.0,0.0,0.0,0.0,0.0,0,0
S001232,"Sheehy, Tim",0.0,0.0,0.0,0.0,0.0,0.0,0.0,0.0,0,0
T000165,"Tiffany, Thomas P.",0.0,0.0,0.0,0.0,0.0,0.0,0.0,0.0,0,0
T000193,"Thompson, Bennie G.",0.0,0.0,0.0,0.0,0.0,0.0,0.0,0.0,0,0
T000250,"Thune, John",0.0,0.0,0.0,0.0,0.0,0.0,0.0,0.0,0,0
T000278,"Tuberville, Tommy",0.0,510.43,0.0,0.0,0.0,510.43,0.0,0.0,1,0
T000460,"Thompson, Mike",0.0,0.0,0.0,0.0,0.0,0.0,0.0,0.0,0,0
T000463,"Turner, Michael R.",1000.0,515.42,0.0,0.0,0.0,1515.42,0.0,0.0,1,0
T000467,"Thompson, Glenn",0.0,515.42,0.0,0.0,0.0,515.42,0.0,0.0,1,0
T000468,"Titus, Dina",0.0,24.42,0.0,0.0,0.0,24.42,0.0,0.0,1,0
T000469,"Tonko, Paul",0.0,0.0,0.0,0.0,0.0,0.0,0.0,0.0,0,0
T000472,"Takano, Mark",0.0,0.0,0.0,0.0,0.0,0.0,0.0,0.0,0,0
T000474,"Torres, Norma J.",0.0,86824.42,0.0,0.0,0.0,86824.42,0.0,0.0,1,0
T000476,"Tillis, Thomas",0.0,247058.16,0.0,0.0,0.0,247058.16,0.0,0.0,1,0
T000478,"Tenney, Claudia",0.0,4025.42,0.0,0.0,0.0,4025.42,0.0,0.0,1,0
T000480,"Timmons, William R.",0.0,515.42,0.0,0.0,0.0,515.42,0.0,0.0,1,0
T000481,"Tlaib, Rashida",0.0,0.0,0.0,0.0,0.0,0.0,0.0,0.0,0,0
T000482,"Trahan, Lori",0.0,0.0,0.0,0.0,0.0,0.0,0.0,0.0,0,0
T000486,"Torres, Ritchie",10000.0,423277.42,0.0,0.0,0.0,433277.42,0.0,0.0,1,0
T000487,"Tokuda, Jill N.",0.0,0.0,0.0,0.0,0.0,0.0,0.0,0.0,0,0
T000488,"Thanedar, Shri",0.0,12164.42,0.0,0.0,0.0,12164.42,0.0,0.0,1,0
T000490,"Taylor, David J.",0.0,0.0,0.0,0.0,0.0,0.0,0.0,0.0,0,0
T000491,"Tran, Derek",0.0,0.0,0.0,0.0,0.0,0.0,0.0,0.0,0,0
U000040,"Underwood, Lauren",0.0,0.0,0.0,0.0,0.0,0.0,0.0,0.0,0,0
V000081,"Velázquez, Nydia M.",0.0,0.0,0.0,0.0,0.0,0.0,0.0,0.0,0,0
V000128,"Van Hollen, Chris",0.0,0.0,0.0,0.0,0.0,0.0,0.0,0.0,0,0
V000129,"Valadao, David G.",0.0,7517.5,0.0,0.0,0.0,7517.5,0.0,0.0,1,0
V000130,"Vargas, Juan",5000.0,54774.42,0.0,0.0,0.0,59774.42,0.0,0.0,1,0
V000131,"Veasey, Marc A.",0.0,24.42,0.0,0.0,0.0,24.42,0.0,0.0,1,0
V000133,"Van Drew, Jefferson",5000.0,24415.42,0.0,0.0,0.0,29415.42,0.0,0.0,1,0
V000134,"Van Duyne, Beth",0.0,13030.42,0.0,0.0,0.0,13030.42,0.0,0.0,1,0
V000135,"Van Orden, Derrick",0.0,15.42,0.0,0.0,0.0,15.42,0.0,0.0,1,0
V000136,"Vasquez, Gabe",0.0,0.0,0.0,0.0,0.0,0.0,0.0,0.0,0,0
V000138,"Vindman, Eugene Simon",0.0,0.0,0.0,0.0,0.0,0.0,0.0,0.0,0,0
W000187,"Waters, Maxine",0.0,0.0,0.0,0.0,0.0,0.0,0.0,0.0,0,0
W000437,"Wicker, Roger F.",0.0,0.0,0.0,0.0,0.0,0.0,0.0,0.0,0,0
W000779,"Wyden, Ron",0.0,0.0,0.0,0.0,0.0,0.0,0.0,0.0,0,0
W000788,"Williams, Nikema",0.0,0.0,0.0,0.0,0.0,0.0,0.0,0.0,0,0
W000790,"Warnock, Raphael G.",0.0,0.0,0.0,0.0,0.0,0.0,0.0,0.0,0,0
W000795,"Wilson, Joe",5000.0,40515.42,0.0,0.0,0.0,45515.42,0.0,0.0,1,0
W000797,"Wasserman Schultz, Debbie",5000.0,160574.41999999998,0.0,0.0,0.0,165574.41999999998,0.0,0.0,1,0
W000798,"Walberg, Tim",1000.0,25.42,0.0,0.0,0.0,1025.42,0.0,0.0,1,0
W000800,"Welch, Peter",0.0,0.0,0.0,0.0,0.0,0.0,0.0,0.0,0,0
W000802,"Whitehouse, Sheldon",0.0,0.0,0.0,0.0,0.0,0.0,0.0,0.0,0,0
W000804,"Wittman, Robert J.",1000.0,2515.42,0.0,0.0,0.0,3515.42,0.0,0.0,1,0
W000805,"Warner, Mark R.",5000.0,428217.77,0.0,0.0,0.0,433217.77,0.0,0.0,1,0
W000806,"Webster, Daniel",0.0,1615.42,0.0,0.0,0.0,1615.42,0.0,0.0,1,0
W000808,"Wilson, Frederica S.",0.0,34.42,0.0,0.0,0.0,34.42,0.0,0.0,1,0
W000809,"Womack, Steve",1500.0,15.42,0.0,0.0,0.0,1515.42,0.0,0.0,1,0
W000812,"Wagner, Ann",1500.0,90675.42,0.0,0.0,0.0,92175.42,0.0,0.0,1,0
W000814,"Weber, Randy K. Sr.",10000.0,25673.42,0.0,0.0,0.0,35673.42,0.0,0.0,1,0
W000816,"Williams, Roger",0.0,15.42,0.0,0.0,0.0,15.42,0.0,0.0,1,0
W000817,"Warren, Elizabeth",0.0,0.0,0.0,0.0,0.0,0.0,0.0,0.0,0,0
W000821,"Westerman, Bruce",0.0,15.42,0.0,0.0,0.0,15.42,0.0,0.0,1,0
W000822,"Watson Coleman, Bonnie",0.0,0.0,0.0,0.0,0.0,0.0,0.0,0.0,0,0
W000829,"Wied, Tony",0.0,0.0,0.0,0.0,0.0,0.0,0.0,0.0,0,0
W000830,"Whitesides, George",0.0,0.0,0.0,0.0,0.0,0.0,0.0,0.0,0,0
W000831,"Walkinshaw, James R.",0.0,0.0,0.0,0.0,0.0,0.0,0.0,0.0,0,0
Y000064,"Young, Todd",0.0,0.0,0.0,0.0,0.0,0.0,0.0,0.0,0,0
Y000067,"Yakym, Rudy",5000.0,37065.42,0.0,0.0,0.0,42065.42,0.0,0.0,1,0
Z000018,"Zinke, Ryan K.",0.0,0.0,0.0,0.0,0.0,0.0,0.0,0.0,0,0
